Unnamed: 0,Environmental fate,fr_alkyl_carbamate,fr_furan,fr_nitro_arom_nonortho,fr_sulfone,fr_epoxide,fr_pyridine,MaxPartialCharge,PEOE_VSA4,fr_quatN,MinAbsPartialCharge,fr_imide,SlogP_VSA12,fr_allylic_oxid,fr_lactone,fr_aldehyde
"1,3-dichloropropene (Ref: D D92)",High,0,0,0,0,0,0,0.125170683,0.0,0,0.100748663,0,23.20187978,1,0,0
1-methylcyclopropene,High,0,0,0,0,0,0,-0.013879282,0.0,0,0.013879282,0,0.0,2,0,0
"2,3,6-TBA (Ref: HC 1281)",High,0,0,0,0,0,0,0.338297782,0.0,0,0.338297782,0,34.80281967,0,0,0
"2,4-D (Ref: L 208)",High,0,0,0,0,0,0,0.341223609,0.0,0,0.341223609,0,23.20187978,0,0,0
"2,4-DB (Ref: ENT 8538)",Not High,0,0,0,0,0,0,0.302971647,0.0,0,0.302971647,0,23.20187978,0,0,0
2-aminobutane,Not High,0,0,0,0,0,0,0.000780537,0.0,0,0.000780537,0,0.0,0,0,0
(4-chlorophenoxy)acetic acid,High,0,0,0,0,0,0,0.341222118,0.0,0,0.341222118,0,11.60093989,0,0,0
Acephate,Not High,0,0,0,0,0,0,0.352176243,0.0,0,0.309091454,0,18.1031436,0,0,0
Acequinocyl,Not High,0,0,0,0,0,0,0.307672257,0.0,0,0.307672257,0,0.0,2,0,0
Acetamiprid,Not High,0,0,0,0,0,1,0.206918942,10.25429629,0,0.206918942,0,11.60093989,0,0,0
Acetochlor (Ref: CP 55097),Not High,0,0,0,0,0,0,0.243316199,0.0,0,0.243316199,0,11.60093989,0,0,0
Acibenzolar-S-methyl (Ref: CGA 245704),Not High,0,0,0,0,0,0,0.220152113,0.0,0,0.220152113,0,23.29437156,0,0,0
Aclonifen (Ref: AE F068300),High,0,0,0,0,0,0,0.293434892,0.0,0,0.293434892,0,11.60093989,0,0,0
Acrinathrin (Ref: RU 38702),Not High,0,0,0,0,0,0,0.434156276,31.60438184,0,0.434156276,0,0.0,1,0,0
Alachlor (Ref: CP 50144 ),Not High,0,0,0,0,0,0,0.243316122,0.0,0,0.243316122,0,11.60093989,0,0,0
Aldicarb (Ref: ENT 27093),High,0,0,0,0,0,0,0.432577515,11.76188495,0,0.322658339,0,11.76188495,0,0,0
Aldoxycarb,High,0,0,0,1,0,0,0.432577538,0.0,0,0.322658339,0,0.0,0,0,0
Aldrin (Ref: OMS 194),High,0,0,0,0,0,0,0.166379471,0.0,0,0.109329916,0,69.60563934,4,0,0
Allethrin (Ref: FMC 249),High,0,0,0,0,0,0,0.310236645,0.0,0,0.310236645,0,0.0,4,0,0
Alloxydim,High,0,0,0,0,0,0,0.316655017,0.0,0,0.316655017,0,0.0,2,0,0
Alpha-cypermethrin (Ref: OMS 3004),High,0,0,0,0,0,0,0.311285242,5.261891555,0,0.311285242,0,23.20187978,1,0,0
Ametryn (Ref: G 34162 ),Not High,0,0,0,0,0,0,0.228190235,14.95193556,0,0.228190235,0,11.76188495,0,0,0
Amidosulfuron,High,0,0,0,0,0,0,0.335798558,18.38575403,0,0.335798558,0,0.0,0,0,0
Aminopyralid (Ref: XDE 750),High,0,0,0,0,0,1,0.355696023,0.0,0,0.355696023,0,23.20187978,0,0,0
Amitraz (Ref: ENT 27967),Not High,0,0,0,0,0,0,0.096075482,0.0,0,0.096075482,0,0.0,0,0,0
Amitrole,Not High,0,0,0,0,0,0,0.215232734,5.098681808,0,0.215232734,0,0.0,0,0,0
Ammonium acetate,Not High,0,0,0,0,0,0,0.038278599,0.0,1,0.038278599,0,0.0,0,0,0
Ammonium carbonate,Not High,0,0,0,0,0,0,-0.043088438,0.0,2,0.043088438,0,0.0,0,0,0
Ammonium hydroxide,Not High,0,0,0,0,0,0,-0.368859027,0.0,1,0.368859027,0,0.0,0,0,0
Ammonium sulphamate,High,0,0,0,0,0,0,0.156242475,0.0,1,0.156242475,0,0.0,0,0,0
Ammonium sulphate,Not High,0,0,0,0,0,0,0.031050815,0.0,2,0.031050815,0,0.0,0,0,0
Ammonium thiocyanate,Not High,0,0,0,0,0,0,-0.079746475,0.0,1,0.079746475,0,0.0,0,0,0
Ancymidol (Ref: EL 531),Not High,0,0,0,0,0,0,0.120361728,0.0,0,0.120361728,0,0.0,0,0,0
Anilazine (Ref: ENT 26 058),Not High,0,0,0,0,0,0,0.232372778,14.95193556,0,0.232372778,0,34.80281967,0,0,0
Anthracene oil,High,0,0,0,0,0,0,-0.017765168,0.0,0,0.017765168,0,0.0,0,0,0
Atrazine (Ref: G 30027),Not High,0,0,0,0,0,0,0.228497087,14.95193556,0,0.228497087,0,11.60093989,0,0,0
Azafenidin,Not High,0,0,0,0,0,0,0.350277469,4.681802935,0,0.350277469,0,23.20187978,0,0,0
Azamethiphos (Ref: GCA 18809),High,0,0,0,0,0,1,0.42147116,0.0,0,0.405847065,0,29.78029218,0,0,0
Azimsulfuron,High,0,0,0,0,0,0,0.335066875,28.28094206,0,0.335066875,0,0.0,0,0,0
Azinphos-ethyl (Ref: BAY 16259),High,0,0,0,0,0,0,0.277908689,4.681802935,0,0.277908689,0,17.0752624,0,0,0
Azinphos-methyl,Not High,0,0,0,0,0,0,0.277908689,4.681802935,0,0.277908689,0,17.0752624,0,0,0
Aziprotryne (Ref: C 7019),Not High,0,0,0,0,0,0,0.226822542,9.967957042,0,0.226822542,0,11.76188495,0,0,0
Azoxystrobin (Ref: ICI 5504),High,0,0,0,0,0,0,0.341249767,5.261891555,0,0.341249767,0,0.0,0,0,0
Beflubutamid (Ref: UBH 820),High,0,0,0,0,0,0,0.418857958,13.17124514,0,0.418857958,0,0.0,0,0,0
Benalaxyl (Ref: M 9834),Not High,0,0,0,0,0,0,0.328176535,0.0,0,0.328176535,0,0.0,0,0,0
Benazolin (Ref: RD 7693),High,0,0,0,0,0,0,0.32319041,0.0,0,0.32319041,0,22.93772577,0,0,0
Bendiocarb (Ref: NC 6897),Not High,0,0,0,0,0,0,0.411973885,0.0,0,0.411973885,0,0.0,0,0,0
Benfluralin (Ref: EL 110),High,0,0,0,0,0,0,0.416414444,13.17124514,0,0.360621264,0,0.0,0,0,0
Benfuracarb,Not High,0,0,0,0,0,0,0.425702043,0.0,0,0.425702043,0,12.13396098,0,0,0
Benfuresate (Ref: NC 20484),Not High,0,0,0,0,0,0,0.308398007,8.417796984,0,0.308398007,0,0.0,0,0,0
Benodanil (Ref: BAS 3170),Not High,0,0,0,0,0,0,0.256234537,0.0,0,0.256234537,0,22.59087063,0,0,0
Benomyl (Ref: T 1991),Not High,0,0,0,0,0,0,0.41320683,0.0,0,0.41320683,0,0.0,0,0,0
Benoxacor (Ref: CGA 154281),High,0,0,0,0,0,0,0.260258758,0.0,0,0.260258758,0,23.20187978,0,0,0
Bensulfuron-methyl (Ref: DPX F5384),Not High,0,0,0,0,0,0,0.337660463,9.967957042,0,0.337660463,0,0.0,0,0,0
Bensulide (Ref: R 4461),High,0,0,0,0,0,0,0.247381081,0.0,0,0.247381081,0,17.0752624,0,0,0
Bensultap (Ref: OMS 3011),Not High,0,0,0,0,0,0,0.229550624,0.0,0,0.229550624,0,21.58779595,0,0,0
Bentazone,High,0,0,0,0,0,0,0.326195646,8.417796984,0,0.267832934,0,0.0,0,0,0
Beta-cyfluthrin (Ref: OMS 3051),High,0,0,0,0,0,0,0.311285242,5.261891555,0,0.311285242,0,23.20187978,1,0,0
Beta-cypermethrin (Ref: OMS 3068),Not High,0,0,0,0,0,0,0.311285242,5.261891555,0,0.311285242,0,23.20187978,1,0,0
Bifenazate,Not High,0,0,0,0,0,0,0.425706198,0.0,0,0.425706198,0,0.0,0,0,0
Bifenox,Not High,0,0,0,0,0,0,0.344530995,0.0,0,0.344530995,0,23.20187978,0,0,0
Bifenthrin (Ref: FMC 54800),High,0,0,0,0,0,0,0.426122298,13.17124514,0,0.426122298,0,11.60093989,2,0,0
Binapacryl (Ref: FMC 9044),High,0,0,1,0,0,0,0.335834655,0.0,0,0.335834655,0,0.0,1,0,0
Bioallethrin,Not High,0,0,0,0,0,0,0.310236645,0.0,0,0.310236645,0,0.0,4,0,0
Bioresmethrin (Ref: FMC 17370),Not High,0,1,0,0,0,0,0.309957973,0.0,0,0.309957973,0,0.0,2,0,0
Biphenyl,Not High,0,0,0,0,0,0,-0.018404256,0.0,0,0.018404256,0,0.0,0,0,0
Bitertanol (Ref: KWG 0599),Not High,0,0,0,0,0,0,0.218752628,5.098681808,0,0.218752628,0,0.0,0,0,0
Boscalid (Ref: BAS 510F),High,0,0,0,0,0,1,0.258307216,0.0,0,0.258307216,0,23.20187978,0,0,0
Brodifacoum (Ref: WBA 8119),High,0,0,0,0,0,0,0.343352271,0.0,0,0.343352271,0,15.9299439,0,0,0
Bromacil (Ref: DPX N0976),High,0,0,0,0,0,0,0.328349741,0.0,0,0.310184665,0,15.9299439,0,0,0
Bromadiolone (Ref: LM 637),Not High,0,0,0,0,0,0,0.343353675,0.0,0,0.343353675,0,15.9299439,0,0,0
Bromethalin (Ref: OMS 3020),High,0,0,1,0,0,0,0.418424364,13.17124514,0,0.33666442,0,47.78983169,0,0,0
Bromofenoxim (Ref: C9122),Not High,0,0,1,0,0,0,0.320619646,0.0,0,0.320619646,0,31.8598878,5,0,0
Bromophos,High,0,0,0,0,0,0,0.379571639,0.0,0,0.379571639,0,45.85043091,0,0,0
Bromopropylate (Ref: GS 19851),High,0,0,0,0,0,0,0.347443699,0.0,0,0.347443699,0,31.8598878,0,0,0
Bromoxynil (Ref: ENT 20852),Not High,0,0,0,0,0,0,0.143513489,5.261891555,0,0.143513489,0,31.8598878,0,0,0
Bromuconazole (Ref: LS 860263),High,0,0,0,0,0,0,0.137254847,5.098681808,0,0.137254847,0,39.13182368,0,0,0
Bronopol,High,0,0,0,0,0,0,0.319034789,0.0,0,0.319034789,0,15.9299439,0,0,0
Bupirimate (Ref: PP 588),Not High,0,0,0,0,0,0,0.385668068,17.7069915,0,0.354393483,0,0.0,0,0,0
Buprofezin (Ref: PP 618),Not High,0,0,0,0,0,0,0.331048049,0.0,0,0.283786224,0,11.76188495,0,0,0
Butachlor (Ref: CP 53619),Not High,0,0,0,0,0,0,0.243316366,0.0,0,0.243316366,0,11.60093989,0,0,0
Butocarboxim (Ref: Co 755),High,0,0,0,0,0,0,0.432586399,11.76188495,0,0.322658205,0,11.76188495,0,0,0
Butoxycarboxim (Ref: Co 859),High,0,0,0,1,0,0,0.432586421,0.0,0,0.322658204,0,0.0,0,0,0
Butralin (Ref: Amchem70-25),High,0,0,0,0,0,0,0.299257288,0.0,0,0.299257288,0,0.0,0,0,0
Butylate (Ref: R 1910),Not High,0,0,0,0,0,0,0.281136084,0.0,0,0.281136084,0,11.76188495,0,0,0
Cadusafos (Ref: FMC 67825),Not High,0,0,0,0,0,0,0.313193393,0.0,0,0.313193393,0,28.53600745,0,0,0
Camphechlor (Ref: Hercules 3956),Not High,0,0,0,0,0,0,0.127080266,0.0,0,0.125968037,0,92.80751912,0,0,0
Captafol (Ref: Ortho-5865),Not High,0,0,0,0,0,0,0.243209457,0.0,0,0.243209457,1,58.35168253,2,0,0
Captan (Ref: SR 406),Not High,0,0,0,0,0,0,0.256394464,0.0,0,0.256394464,1,46.75074264,2,0,0
Carbaryl (Ref: UC 7744),Not High,0,0,0,0,0,0,0.411859733,0.0,0,0.409697068,0,0.0,0,0,0
Carbendazim (Ref: BAS 346F),Not High,0,0,0,0,0,0,0.413189963,0.0,0,0.413189963,0,0.0,0,0,0
Carbetamide (Ref: RP 11561),Not High,0,0,0,0,0,0,0.411897676,0.0,0,0.411897676,0,0.0,0,0,0
Carbofuran (Ref: OMS 864),Not High,0,0,0,0,0,0,0.411971662,0.0,0,0.411971662,0,0.0,0,0,0
Carbophenothion (Ref: ENT 23708),Not High,0,0,0,0,0,0,0.247639752,0.0,0,0.247639752,0,40.43808724,0,0,0
Carbosulfan (Ref: OMS 3022),Not High,0,0,0,0,0,0,0.42570192,0.0,0,0.42570192,0,12.13396098,0,0,0
Carboxin (Ref: D 735),Not High,0,0,0,0,0,0,0.26500736,0.0,0,0.26500736,0,11.76188495,1,0,0
Carfentrazone-ethyl (Ref: F 8426),Not High,0,0,0,0,0,0,0.354828821,13.46263303,0,0.354828821,0,23.20187978,0,0,0
Cetrimide,Not High,0,0,0,0,0,0,0.077992828,0.0,1,0.077992828,0,0.0,0,0,0
Chinomethionat (Ref: ENT 25606),High,0,0,0,0,0,0,0.291035356,0.0,0,0.265260746,0,22.67357176,0,0,0
Chlomethoxyfen (Ref: X-52),Not High,0,0,0,0,0,0,0.31068367,0.0,0,0.31068367,0,23.20187978,0,0,0
Chloralose,High,0,0,0,0,0,0,0.240527151,0.0,0,0.240527151,0,34.80281967,0,0,0
Chloramben (Ref: ACP M-629),High,0,0,0,0,0,0,0.33684198,0.0,0,0.33684198,0,23.20187978,0,0,0
Chlorbromuron (Ref: C6313),Not High,0,0,0,0,0,0,0.34498232,0.0,0,0.306010247,0,27.53088379,0,0,0
Chlordane (Ref: OMS 1437),High,0,0,0,0,0,0,0.166392137,0.0,0,0.12137494,0,92.80751912,2,0,0
Chlorethoxyfos (Ref: DPX 43898),Not High,0,0,0,0,0,0,0.328252498,0.0,0,0.308935807,0,53.12236679,0,0,0
Chlorfenapyr (Ref: MK 242),Not High,0,0,0,0,0,0,0.432183107,18.4331367,0,0.361050593,0,27.53088379,0,0,0
Chlorfenson (Ref: K 6451),Not High,0,0,0,0,0,0,0.338712333,8.417796984,0,0.338712333,0,23.20187978,0,0,0
Chlorfenvinphos (Ref: OMS 166),Not High,0,0,0,0,0,0,0.529594974,0.0,0,0.402365732,0,42.62551679,0,0,0
Chlorfluazuron (Ref: CGA 112913),High,0,0,0,0,0,1,0.417446253,13.17124514,0,0.417446253,1,34.80281967,0,0,0
Chloridazon (Ref: BAS 119H),Not High,0,0,0,0,0,0,0.291875441,9.780484743,0,0.291875441,0,11.60093989,0,0,0
Chlormephos (Ref: MC 2188),Not High,0,0,0,0,0,0,0.247987342,0.0,0,0.247987342,0,28.67620229,0,0,0
Chlormequat chloride (Ref: BAS 062W),Not High,0,0,0,0,0,0,0.091764584,0.0,1,0.091764584,0,11.60093989,0,0,0
Chlorobenzilate (Ref: ENT 18596),Not High,0,0,0,0,0,0,0.34717772,0.0,0,0.34717772,0,23.20187978,0,0,0
Chloroneb,High,0,0,0,0,0,0,0.138714153,0.0,0,0.138714153,0,23.20187978,0,0,0
Chlorophacinone (Ref: LM 91),Not High,0,0,0,0,0,0,0.181441583,0.0,0,0.181441583,0,11.60093989,0,0,0
Chloropicrin,High,0,0,0,0,0,0,0.448706986,0.0,0,0.260449341,0,34.80281967,0,0,0
Chloropropylate (Ref: ENT 26999),Not High,0,0,0,0,0,0,0.347443706,0.0,0,0.347443706,0,23.20187978,0,0,0
Chlorothalonil (Ref: DS 2787),Not High,0,0,0,0,0,0,0.102378679,10.52378311,0,0.102378679,0,46.40375956,0,0,0
Chlorotoluron (Ref: C 2242),Not High,0,0,0,0,0,0,0.320817445,0.0,0,0.320817445,0,11.60093989,0,0,0
Chloroxuron (Ref: C 1983),High,0,0,0,0,0,0,0.320816671,0.0,0,0.320816671,0,11.60093989,0,0,0
Chlorpropham (Ref: ENT 18060),Not High,0,0,0,0,0,0,0.411370985,0.0,0,0.411370985,0,11.60093989,0,0,0
Chlorpyrifos (Ref: OMS 971),Not High,0,0,0,0,0,1,0.381355943,4.983978521,0,0.381355943,0,41.5214269,0,0,0
Chlorpyrifos-methyl (Ref: OMS 1155),Not High,0,0,0,0,0,1,0.380830901,4.983978521,0,0.380830901,0,41.5214269,0,0,0
Chlorsulfuron (Ref: DPX 4189),High,0,0,0,0,0,0,0.335023421,14.95193556,0,0.335023421,0,11.60093989,0,0,0
Chlorthal-dimethyl (Ref: DAC 893),High,0,0,0,0,0,0,0.340518014,0.0,0,0.340518014,0,46.40375956,0,0,0
Chlorthiamid (Ref: WL 5792.),Not High,0,0,0,0,0,0,0.106513529,0.0,0,0.106513529,0,35.41975322,0,0,0
Chlozolinate (Ref: M 8164),Not High,0,0,0,0,0,0,0.422514816,0.0,0,0.422514816,1,23.20187978,0,1,0
Cholecalciferol,Not High,0,0,0,0,0,0,0.058337868,0.0,0,0.058337868,0,0.0,4,0,0
Choline chloride,High,0,0,0,0,0,0,0.101493486,0.0,1,0.101493486,0,0.0,0,0,0
Cinidon-ethyl (Ref: BAS 615H),Not High,0,0,0,0,0,0,0.349250744,0.0,0,0.349250744,1,23.20187978,0,0,0
Cinosulfuron (Ref: CGA 142464),High,0,0,0,0,0,0,0.335025862,9.967957042,0,0.335025862,0,0.0,0,0,0
Clethodim (Ref: RE 45601),High,0,0,0,0,0,0,0.1680765,11.76188495,0,0.1680765,0,23.36282484,2,0,0
Clodinafop propargyl (Ref: CGA 184927),Not High,0,0,0,0,0,1,0.347491172,0.0,0,0.347491172,0,11.60093989,0,0,0
Clofencet (Ref: MON 21250 ),High,0,0,0,0,0,0,0.34113553,5.098681808,0,0.34113553,0,11.60093989,0,0,0
Clofentezine (Ref: NC 21314),High,0,0,0,0,0,0,0.204649514,0.0,0,0.125749649,0,23.20187978,0,0,0
Clomazone (Ref: FMC 57020),Not High,0,0,0,0,0,0,0.25402076,0.0,0,0.25402076,0,11.60093989,0,0,0
Clopyralid,High,0,0,0,0,0,1,0.355612413,0.0,0,0.355612413,0,23.20187978,0,0,0
Cloquintocet-mexyl (Ref: CGA 185072),Not High,0,0,0,0,0,1,0.343924042,0.0,0,0.343924042,0,11.60093989,0,0,0
Clothianidin (Ref: CGA 322704),High,0,0,0,0,0,0,0.253771163,0.0,0,0.253771163,0,22.93772577,0,0,0
Coumachlor,Not High,0,0,0,0,0,0,0.343365936,0.0,0,0.343365936,0,11.60093989,0,0,0
Coumatetralyl,Not High,0,0,0,0,0,0,0.343351878,0.0,0,0.343351878,0,0.0,0,0,0
Crimidine,High,0,0,0,0,0,0,0.224041446,0.0,0,0.224041446,0,11.60093989,0,0,0
"Cyanamide (Ref: LH 21,810A)",High,0,0,0,0,0,0,0.173172109,5.261891555,0,0.173172109,0,0.0,0,0,0
Cyanazine,Not High,0,0,0,0,0,0,0.229543688,20.21382712,0,0.229543688,0,11.60093989,0,0,0
Cyazofamid (Ref: IKF 916),Not High,0,0,0,0,0,0,0.309381629,21.95731044,0,0.205322582,0,11.60093989,0,0,0
Cyclanilide (Ref: RPA 090946),Not High,0,0,0,0,0,0,0.318719709,0.0,0,0.318719709,0,23.20187978,0,0,0
Cycloate (Ref: R 2063),Not High,0,0,0,0,0,0,0.281358523,0.0,0,0.281358523,0,11.76188495,0,0,0
Cycloxydim (Ref: BAS 517H),High,0,0,0,0,0,0,0.168087093,11.76188495,0,0.168087093,0,11.76188495,2,0,0
Cyflufenamid (Ref: NF 149),Not High,0,0,0,0,0,0,0.416732636,18.16364988,0,0.27442817,0,0.0,0,0,0
Cyfluthrin (Ref: OMS 2012),Not High,0,0,0,0,0,0,0.311285242,5.261891555,0,0.311285242,0,23.20187978,1,0,0
Cyhalofop-butyl (Ref: DE 537),Not High,0,0,0,0,0,0,0.346526966,5.261891555,0,0.346526966,0,0.0,0,0,0
Cyhalothrin (Ref: OMS 2011),High,0,0,0,0,0,0,0.426122298,18.4331367,0,0.426122298,0,11.60093989,2,0,0
Cymoxanil (Ref: DPX T3217),High,0,0,0,0,0,0,0.321266658,5.261891555,0,0.321266658,1,0.0,0,0,0
Cypermethrin (Ref: OMS 2002),Not High,0,0,0,0,0,0,0.311285242,5.261891555,0,0.311285242,0,23.20187978,1,0,0
Cyproconazole (Ref: SAN 619),High,0,0,0,0,0,0,0.137254847,5.098681808,0,0.137254847,0,11.60093989,0,0,0
Cyprodinil (Ref: CGA 219417),High,0,0,0,0,0,0,0.227147606,0.0,0,0.227147606,0,0.0,0,0,0
Cyromazine (Ref: OMS 2014),Not High,0,0,0,0,0,0,0.229001029,14.95193556,0,0.229001029,0,0.0,0,0,0
Daminozide,High,0,0,0,0,0,0,0.303365468,0.0,0,0.303365468,0,0.0,0,0,0
Dazomet (Ref: N 521),High,0,0,0,0,0,0,0.137921028,0.0,0,0.137921028,0,23.97975839,0,0,0
DDT (Ref: OMS 16),High,0,0,0,0,0,0,0.200859013,0.0,0,0.084344127,0,58.00469945,0,0,0
Deltamethrin (Ref: OMS 1998),Not High,0,0,0,0,0,0,0.311284774,5.261891555,0,0.311284774,0,31.8598878,1,0,0
Demeton-S-methyl,Not High,0,0,0,0,0,0,0.388103188,11.76188495,0,0.304105932,0,29.94123724,0,0,0
Desmedipham (Ref: EP 475),Not High,0,0,0,0,0,0,0.416588346,0.0,0,0.416588346,0,0.0,0,0,0
Desmetryn (Ref: G 34360),Not High,0,0,0,0,0,0,0.228190102,14.95193556,0,0.228190102,0,11.76188495,0,0,0
Di-1-p-menthene,Not High,0,0,0,0,0,0,-0.031442594,0.0,0,0.031442594,0,0.0,4,0,0
Diafenthiuron (Ref: CGA 106630),Not High,0,0,0,0,0,0,0.170696516,0.0,0,0.170696516,0,12.21787344,0,0,0
Di-allate (Ref: CP 15),Not High,0,0,0,0,0,0,0.28194882,0.0,0,0.28194882,0,34.96376473,0,0,0
Diazinon (Ref: OMS 469),Not High,0,0,0,0,0,0,0.381304133,4.983978521,0,0.381304133,0,6.718607232,0,0,0
Dicamba (Ref: SAN 837H),High,0,0,0,0,0,0,0.340579814,0.0,0,0.340579814,0,23.20187978,0,0,0
Dichlobenil (Ref: H 133),Not High,0,0,0,0,0,0,0.102270494,5.261891555,0,0.102270494,0,23.20187978,0,0,0
Dichlofenthion (Ref: ENT 17470),High,0,0,0,0,0,0,0.380095852,0.0,0,0.380095852,0,29.92048701,0,0,0
Dichlofluanid (Ref: BAY 47531),Not High,0,0,0,0,0,0,0.324125655,20.82395028,0,0.193572147,0,35.14980275,0,0,0
Dichlorophen,Not High,0,0,0,0,0,0,0.1187089,0.0,0,0.1187089,0,23.20187978,0,0,0
Dichlorprop (Ref: RD 406),High,0,0,0,0,0,0,0.344095165,0.0,0,0.344095165,0,23.20187978,0,0,0
Dichlorprop-P (Ref: BAS 044H),High,0,0,0,0,0,0,0.344095165,0.0,0,0.344095165,0,23.20187978,0,0,0
Dichlorvos (Ref: OMS 14),High,0,0,0,0,0,0,0.528516826,0.0,0,0.409428295,0,31.0245769,0,0,0
Diclofop-methyl (Ref: HOE 023408),Not High,0,0,0,0,0,0,0.346251607,0.0,0,0.346251607,0,23.20187978,0,0,0
Dicloran (Ref: RD 6584),Not High,0,0,1,0,0,0,0.272065283,0.0,0,0.272065283,0,23.20187978,0,0,0
Dicofol (Ref: ENT 23648),High,0,0,0,0,0,0,0.226587272,0.0,0,0.226587272,0,58.00469945,0,0,0
Dicrotophos (Ref: OMS 253),High,0,0,0,0,0,0,0.528694336,0.0,0,0.40865641,0,7.822697123,1,0,0
Dicyclopentadiene,High,0,0,0,0,0,0,-0.013336894,0.0,0,0.013336894,0,0.0,4,0,0
Dieldrin (Ref: ENT 16225 ),High,0,0,0,0,1,0,0.166359048,0.0,0,0.166359048,0,69.60563934,2,0,0
Dienochlor (Ref: SAN 804),High,0,0,0,0,0,0,0.147442275,0.0,0,0.10396414,0,116.0093989,8,0,0
Diethofencarb (Ref: S 1605),Not High,0,0,0,0,0,0,0.411372337,0.0,0,0.411372337,0,0.0,0,0,0
Difenacoum,High,0,0,0,0,0,0,0.343352271,0.0,0,0.343352271,0,0.0,0,0,0
Difenoconazole (Ref: CGA 169374),High,0,0,0,0,0,0,0.216665104,5.098681808,0,0.216665104,0,23.20187978,0,0,0
Difenoxuron (Ref: C3470),Not High,0,0,0,0,0,0,0.320816671,0.0,0,0.320816671,0,0.0,0,0,0
Difenzoquat (Ref: BAS 450H),Not High,0,0,0,0,0,0,0.23841836,4.681802935,0,0.155816829,0,0.0,0,0,0
Difethialone (Ref: OMS 3053),High,0,0,0,0,0,0,0.19513674,0.0,0,0.19513674,0,27.26672978,0,0,0
Diflubenzuron (Ref: OMS 1804),Not High,0,0,0,0,0,0,0.325656938,0.0,0,0.307642899,1,11.60093989,0,0,0
Diflufenican (Ref: AE 088657),High,0,0,0,0,0,1,0.416045085,13.17124514,0,0.416045085,0,0.0,0,0,0
Dimefox,High,0,0,0,0,0,0,0.381204212,4.196905633,0,0.250530232,0,7.754052892,0,0,0
Dimefuron (Ref: RP 23465),High,0,0,0,0,0,0,0.441524646,4.681802935,0,0.391472534,0,11.60093989,0,0,0
Dimepiperate (Ref: MY 93),Not High,0,0,0,0,0,0,0.281986807,0.0,0,0.281986807,0,11.76188495,0,0,0
Dimethachlor (Ref: CGA 17020),High,0,0,0,0,0,0,0.241500183,0.0,0,0.241500183,0,11.60093989,0,0,0
Dimethenamid (Ref: SAN 582H),High,0,0,0,0,0,0,0.241778608,0.0,0,0.241778608,0,22.93772577,0,0,0
Dimethenamid-P,Not High,0,0,0,0,0,0,0.241778608,0.0,0,0.241778608,0,22.93772577,0,0,0
Dimethipin (Ref: N 252),High,0,0,0,2,0,0,0.175753624,0.0,0,0.175753624,0,0.0,2,0,0
Dimethirimol (Ref: PP675),High,0,0,0,0,0,0,0.277371351,4.983978521,0,0.277371351,0,0.0,0,0,0
Dimethoate (Ref: OMS 94),High,0,0,0,0,0,0,0.246795561,0.0,0,0.246795561,0,17.0752624,0,0,0
Dimethomorph (Ref: CME 151),Not High,0,0,0,0,0,0,0.246857443,0.0,0,0.246857443,0,11.60093989,0,0,0
Dimoxystrobin (Ref: BAS 505F),Not High,0,0,0,0,0,0,0.273206289,0.0,0,0.273206289,0,0.0,0,0,0
Dinitramine (Ref: USB 3584),Not High,0,0,0,0,0,0,0.418400224,13.17124514,0,0.392586846,0,0.0,0,0,0
Dinobuton (Ref: OMS 1056),Not High,0,0,1,0,0,0,0.513858204,0.0,0,0.431260013,0,0.0,0,0,0
Dinocap (Ref: ENT 24727),Not High,0,0,1,0,0,0,0.335567052,0.0,0,0.335567052,0,0.0,1,0,0
Dinoseb (Ref: HOE 26150),High,0,0,1,0,0,0,0.317369672,0.0,0,0.317369672,0,0.0,0,0,0
Dinoterb (Ref: LS 63133),High,0,0,1,0,0,0,0.317380837,0.0,0,0.317380837,0,0.0,0,0,0
Dioxacarb (Ref: C8353),High,0,0,0,0,0,0,0.411851283,0.0,0,0.409864612,0,0.0,0,0,0
Diphacinone,High,0,0,0,0,0,0,0.181441583,0.0,0,0.181441583,0,0.0,0,0,0
Diphenamid (Ref: L 34314),Not High,0,0,0,0,0,0,0.233559224,0.0,0,0.233559224,0,0.0,0,0,0
Diquat dibromide,High,0,0,0,0,0,2,0.277091275,9.134199296,0,0.277091275,0,0.0,0,0,0
Disulfoton (Ref: ENT 23347),Not High,0,0,0,0,0,0,0.246842603,11.76188495,0,0.246842603,0,28.83714735,0,0,0
Dithianon (Ref: BAS 216F),Not High,0,0,0,0,0,0,0.204825833,10.52378311,0,0.204825833,0,22.67357176,0,0,0
Dithiopyr (Ref: RH 101664),Not High,0,0,0,0,0,1,0.433625576,13.17124514,0,0.281496984,0,23.5237699,0,0,0
Diuron (Ref: DPX 14740),High,0,0,0,0,0,0,0.320817455,0.0,0,0.320817455,0,23.20187978,0,0,0
DNOC (Ref: ENT 154),Not High,0,0,1,0,0,0,0.317346995,0.0,0,0.317346995,0,0.0,0,0,0
Dodemorph,High,0,0,0,0,0,0,0.067781001,0.0,0,0.067781001,0,0.0,0,0,0
Dodine (Ref: BAS 365F),Not High,0,0,0,0,0,0,0.299684553,0.0,0,0.299684553,0,0.0,0,0,0
Endosulfan (Ref: OMS 570),High,0,0,0,0,0,0,0.304118821,4.208898492,0,0.268096469,0,69.60563934,2,0,0
Endothal,Not High,0,0,0,0,0,0,0.309631444,0.0,0,0.309631444,0,0.0,0,0,0
Endrin,High,0,0,0,0,1,0,0.166359048,0.0,0,0.166359048,0,69.60563934,2,0,0
Epoxiconazole (Ref: BAS 480F),Not High,0,0,0,0,1,0,0.143891019,5.098681808,0,0.143891019,0,11.60093989,0,0,0
EPTC (Ref: R 1608),Not High,0,0,0,0,0,0,0.281117035,0.0,0,0.281117035,0,11.76188495,0,0,0
Esfenvalerate (Ref: OMS 3023),Not High,0,0,0,0,0,0,0.314836582,5.261891555,0,0.314836582,0,11.60093989,0,0,0
Ethaboxam (Ref: LGC 30473),Not High,0,0,0,0,0,0,0.264174743,5.261891555,0,0.264174743,0,22.67357176,0,0,0
Ethalfluralin (Ref: EL 161),High,0,0,0,0,0,0,0.416414444,13.17124514,0,0.356643649,0,0.0,0,0,0
Ethanethiol,Not High,0,0,0,0,0,0,-0.012640479,12.62878915,0,0.012640479,0,12.62878915,0,0,0
Ethephon,Not High,0,0,0,0,0,0,0.326259379,0.0,0,0.324392352,0,19.19670222,0,0,0
Ethiofencarb (Ref: BAY 108594),High,0,0,0,0,0,0,0.411848659,11.76188495,0,0.410036157,0,11.76188495,0,0,0
Ethion (Ref: ENT 24105),High,0,0,0,0,0,0,0.247642487,0.0,0,0.247642487,0,34.15052479,0,0,0
Ethirimol (Ref: PP149),Not High,0,0,0,0,0,0,0.277365701,4.983978521,0,0.277365701,0,0.0,0,0,0
Ethofumesate (Ref: AE B049913),High,0,0,0,0,0,0,0.305746182,8.417796984,0,0.305746182,0,0.0,0,0,0
Ethoprophos,High,0,0,0,0,0,0,0.312674834,0.0,0,0.312674834,0,28.53600745,0,0,0
Ethoxyquin,Not High,0,0,0,0,0,0,0.11953089,0.0,0,0.11953089,0,0.0,1,0,0
Ethoxysulfuron (Ref: AE F095404),Not High,0,0,0,0,0,0,0.410765203,18.38575403,0,0.410765203,0,0.0,0,0,0
Etofenprox (Ref: MTI 500),Not High,0,0,0,0,0,0,0.127290014,0.0,0,0.127290014,0,0.0,0,0,0
Etoxazole (Ref: S 1283),Not High,0,0,0,0,0,0,0.222458721,0.0,0,0.222458721,0,0.0,0,0,0
Etridiazole (Ref: Olin 2424),Not High,0,0,0,0,0,0,0.292848799,9.357518502,0,0.292848799,0,46.33530628,0,0,0
Etrimfos,High,0,0,0,0,0,0,0.380781287,9.967957042,0,0.380781287,0,6.718607232,0,0,0
Famoxadone (Ref: JE 874),Not High,0,0,0,0,0,0,0.437044414,0.0,0,0.437044414,1,0.0,0,1,0
Fenamidone (Ref: RPA 407213),Not High,0,0,0,0,0,0,0.458438966,0.0,0,0.413170238,0,19.50837338,0,0,0
Fenamiphos (Ref: BAY 68138),Not High,0,0,0,0,0,0,0.14447389,0.0,0,0.14447389,0,23.20187978,0,0,0
Fenarimol (Ref: EL 222),Not High,0,0,0,0,0,0,0.223949529,0.0,0,0.223949529,0,0.0,0,0,0
Fenazaquin (Ref: DE 436),Not High,0,0,0,0,0,0,0.137253803,10.36057336,0,0.137253803,0,11.60093989,0,0,0
Fenbutatin oxide (Ref: ENT 27738),High,0,0,0,0,0,0,0.375327096,0.0,0,0.375327096,0,58.00469945,0,0,0
Fenchlorazole (Ref: HOE 072829),High,0,0,0,0,0,0,0.162022421,0.0,0,0.162022421,0,23.20187978,0,0,0
Fenclorim (Ref: CGA 123407),Not High,0,0,0,0,0,0,0.229849812,0.0,0,0.229849812,0,23.20187978,0,0,0
Fenhexamid (Ref: KBR 2738),Not High,0,0,0,0,0,0,0.379519646,0.0,0,0.379519646,0,6.718607232,0,0,0
Fenitrothion (Ref: OMS 43),Not High,0,0,0,0,0,0,0.344095177,0.0,0,0.344095177,0,34.80281967,0,0,0
Fenoprop,Not High,0,0,0,0,0,0,0.280609384,0.0,0,0.280609384,0,11.76188495,0,0,0
Fenothiocarb (Ref: KCO 3001),Not High,0,0,0,0,0,0,0.399781331,4.983978521,0,0.399781331,0,11.60093989,0,0,0
Fenoxaprop-ethyl,Not High,0,0,0,0,0,0,0.399781331,4.983978521,0,0.399781331,0,11.60093989,0,0,0
Fenoxaprop-P-ethyl (Ref: AE F046360),Not High,1,0,0,0,0,0,0.406734525,0.0,0,0.406734525,0,0.0,0,0,0
Fenoxycarb (Ref: OMS 3010),Not High,0,0,0,0,0,0,0.10137092,5.261891555,0,0.10137092,0,23.20187978,0,0,0
Fenpiclonil (Ref: CGA 142705),High,0,0,0,0,0,0,0.311226638,5.261891555,0,0.311226638,0,0.0,0,0,0
Fenpropathrin (Ref: OMS 1999),Not High,0,0,0,0,0,0,0.001019448,0.0,0,0.001019448,0,0.0,0,0,0
Fenpropidin (Ref: CGA 114900),High,0,0,0,0,0,0,0.067769684,0.0,0,0.067769684,0,0.0,0,0,0
Fenpropimorph (Ref: CGA 101031),Not High,0,0,0,0,0,0,0.338141019,5.098681808,0,0.338141019,0,0.0,0,0,0
Fenpyroximate (Ref: NNI 850),Not High,0,0,0,0,0,0,0.379519593,0.0,0,0.379519593,0,18.48049218,0,0,0
Fentin hydroxide,High,0,0,0,0,0,0,0.320816638,0.0,0,0.320816638,0,0.0,0,0,0
Fenuron,High,0,0,0,0,0,0,0.314836582,5.261891555,0,0.314836582,0,11.60093989,0,0,0
Ferbam (Ref: ENT 14689),Not High,0,0,0,0,0,0,0.475597607,36.70306365,0,0.382527754,0,23.20187978,0,0,0
Fipronil (Ref: BAS 350l),Not High,0,0,0,0,0,0,0.328720395,0.0,0,0.328720395,0,11.60093989,0,0,0
Flamprop-M-isopropyl (Ref: WL 43425),Not High,0,0,0,0,0,1,0.418763723,31.55699917,0,0.418763723,0,0.0,0,0,0
Flazasulfuron (Ref: OK 1166),High,0,0,0,0,0,0,0.415909871,13.17124514,0,0.415909871,0,0.0,0,0,0
Flocoumafen (Ref: BAS 322l),High,0,0,0,0,0,1,0.416797949,18.4331367,0,0.338873031,0,0.0,0,0,0
Flonicamid (Ref: IKI 220),High,0,0,0,0,0,0,0.319005656,17.9171734,0,0.319005656,0,0.0,0,0,0
Florasulam (Ref: DE 570),High,0,0,0,0,0,1,0.41739355,13.17124514,0,0.41739355,0,0.0,0,0,0
Fluazifop-butyl (Ref: SL 236),Not High,0,0,0,0,0,1,0.41739355,13.17124514,0,0.41739355,0,0.0,0,0,0
Fluazifop-P-butyl (Ref: R154875),Not High,0,0,0,0,0,1,0.417857515,26.34249029,0,0.327614557,0,23.20187978,0,0,0
Fluazinam (Ref: IKF 1216),Not High,0,0,0,0,0,0,0.433674621,18.26992695,0,0.433674621,0,27.53088379,0,0,0
Fluazolate,High,0,0,0,0,0,0,0.325656928,0.0,0,0.325656928,1,11.60093989,0,0,0
Flucycloxuron (Ref: OMS 3041),High,0,0,0,0,0,0,0.387031973,14.04272165,0,0.387031973,0,0.0,0,0,0
Flucythrinate (Ref: OMS 2007),Not High,0,0,0,0,0,0,0.585808905,5.261891555,0,0.395259311,0,0.0,0,0,0
Fludioxonil (Ref: CGA 173506),Not High,0,0,0,0,0,0,0.444668905,13.17124514,0,0.444668905,0,11.33678588,0,0,0
Flufenacet (Ref: FOE 5043),Not High,0,0,0,0,0,0,0.415966453,13.17124514,0,0.415966453,1,11.60093989,0,0,0
Flufenoxuron (Ref: BAS 3071),High,0,0,0,0,0,0,0.20906394,0.0,0,0.206080348,0,11.60093989,0,0,0
Diflovidazin (Ref: SZ1 121),Not High,0,0,0,0,0,0,0.299162591,13.40177551,0,0.27112509,0,0.0,0,0,0
Flumetsulam (Ref: DE 498),High,0,0,0,0,0,0,0.265381529,0.0,0,0.265381529,1,0.0,0,0,0
Flumioxazin (Ref: S 53482),Not High,0,0,0,0,0,0,0.415985524,13.17124514,0,0.330653042,0,0.0,0,0,0
Fluometuron,High,0,0,0,0,0,1,0.417441637,13.17124514,0,0.346233789,0,34.80281967,0,0,0
Fluopicolide (Ref: AE C638206),High,0,0,0,0,0,0,0.248327426,0.0,0,0.248327426,0,0.0,0,0,0
Fluoroacetamide,High,0,0,0,0,0,0,0.415966453,13.17124514,0,0.415966453,0,11.60093989,0,0,0
Fluoroglycofen,Not High,0,0,0,0,0,0,0.280314022,14.35837209,0,0.280314022,0,11.60093989,0,0,0
Flupyrsulfuron-methyl-sodium,High,0,0,0,0,0,0,0.267091293,9.780484743,0,0.267091293,0,23.20187978,0,0,0
Fluquinconazole (Ref: AE C597265),High,0,0,0,0,0,0,0.43462663,13.17124514,0,0.43462663,0,22.93772577,0,0,0
Flurazole (Ref: MON 4606),Not High,0,0,0,0,0,1,0.415931256,13.17124514,0,0.355741992,0,0.0,0,0,0
Fluridone,Not High,0,0,0,0,0,0,0.415985636,13.17124514,0,0.310732717,0,23.20187978,0,0,0
Flurochloridone (Ref: R 40244),Not High,0,0,0,0,0,1,0.341291599,9.374393569,0,0.341291599,0,23.20187978,0,0,0
Fluroxypyr (Ref: DOW 43304-H),High,0,0,0,0,0,0,0.572596301,0.0,0,0.405799661,0,0.0,0,0,0
Flurprimidol (Ref: EL 500),Not High,0,0,0,0,0,0,0.415931274,13.17124514,0,0.415931274,0,0.0,0,0,0
Flurtamone (Ref: RPA 590515),Not High,0,0,0,0,0,0,0.137239384,5.098681808,0,0.137239384,0,0.0,0,0,0
Flusilazole (Ref: DPX H6573),High,0,0,1,0,0,0,0.417386364,13.17124514,0,0.278107562,0,23.20187978,0,0,0
Flusulfamide (Ref: MTF 651),Not High,0,0,0,0,0,0,0.416685863,13.17124514,0,0.416685863,0,0.0,0,0,0
Flutolanil (Ref: NNF 136),High,0,0,0,0,0,0,0.137255085,5.098681808,0,0.137255085,0,0.0,0,0,0
Flutriafol (Ref: PP 450),High,0,0,0,0,0,0,0.27139128,0.0,0,0.267598624,1,46.75074264,0,0,0
Folpet,Not High,0,0,0,0,0,0,0.415966453,13.17124514,0,0.415966453,0,11.60093989,0,0,0
Fomesafen (Ref: PP 021),High,0,0,0,0,0,0,0.123405262,0.0,0,0.123405262,0,16.8483276,0,0,0
Fonofos (Ref: N-2790),Not High,0,0,0,0,0,0,0.335023154,9.967957042,0,0.335023154,0,0.0,0,0,0
Foramsulfuron (Ref: AE F130360),High,0,0,0,0,0,1,0.32318098,0.0,0,0.307721799,0,11.60093989,0,0,0
Forchlorfenuron (Ref: KT 30),High,0,0,0,0,0,0,0.106382254,0.0,0,0.106382254,0,0.0,0,0,0
Formaldehyde,High,0,0,0,0,0,0,0.411839586,0.0,0,0.410282817,0,0.0,0,0,0
Formetanate (Ref: SN 36056),Not High,0,0,0,0,0,0,0.246795908,0.0,0,0.246795908,1,17.0752624,0,0,0
Formothion (Ref: SAN 6913I),High,0,0,0,0,0,0,0.414900066,0.0,0,0.359148202,0,7.595762327,0,0,0
Fosetyl-aluminium (Ref: RP 32545),High,0,0,0,0,0,0,0.356220636,0.0,0,0.305860116,0,29.86502854,0,0,0
Fosthiazate (Ref: IKI 1145),Not High,0,1,0,0,0,0,0.174063193,0.0,0,0.174063193,0,0.0,0,0,0
Fuberidazole,Not High,0,1,0,0,0,0,0.328191402,0.0,0,0.328191402,0,0.0,0,0,0
Furalaxyl (Ref: IPE 134),Not High,0,0,0,0,0,0,0.426059795,0.0,0,0.426059795,0,12.13396098,0,0,0
Furathiocarb (Ref: CGA 73102),Not High,0,1,0,0,0,0,0.184800866,0.0,0,0.184800866,0,0.0,0,0,1
Furfural,High,0,0,0,0,0,0,0.426122298,18.4331367,0,0.426122298,0,11.60093989,2,0,0
Gamma-cyhalothrin (Ref: DE 225),Not High,0,0,0,0,0,0,0.069266909,0.0,0,0.069266909,0,69.60563934,0,0,0
Lindane (Ref: OMS 17),High,0,0,0,0,0,0,0.3156484,0.0,0,0.3156484,0,0.0,0,0,0
Gibberellic acid,High,0,0,0,0,0,0,0.197242619,0.0,1,0.197242619,0,7.36882753,0,0,0
Glufosinate-ammonium (Ref: HOE 039866),Not High,0,0,0,0,0,0,0.338732717,0.0,0,0.338732717,0,7.595762327,0,0,0
Glyphosate (Ref: MON 0573),Not High,0,0,0,0,0,0,0.18540334,0.0,0,0.18540334,0,0.0,0,0,0
Guazatine (Ref: EM 379),Not High,0,0,0,0,0,0,0.272280679,0.0,0,0.267426099,0,11.60093989,0,0,0
Halofenozide (Ref: RH 0345),High,0,0,0,0,0,1,0.417446253,13.17124514,0,0.417446253,0,11.60093989,0,0,0
Haloxyfop-P (Ref: DE 535 acid),High,0,0,0,0,0,0,0.166722928,0.0,0,0.118069554,0,81.20657923,4,0,0
Heptachlor (Ref: ENT 15152),High,0,0,0,0,0,0,0.528752215,0.0,0,0.406950363,0,19.42363701,4,0,0
Heptenophos (Ref: OMS 1845),Not High,0,0,0,0,0,0,0.080957191,0.0,0,0.080957191,0,69.60563934,0,0,0
Hexachlorobenzene (Ref: ENT 1719),High,0,0,0,0,0,0,0.137254845,5.098681808,0,0.137254845,0,23.20187978,0,0,0
Hexaconazole (Ref: PP 523),High,0,0,0,0,0,0,0.460830003,17.56166019,0,0.425098379,1,23.20187978,0,0,0
Hexaflumuron (Ref: XRD 473),High,0,0,0,0,0,0,0.35470209,4.983978521,0,0.348118609,0,0.0,0,0,0
Hexazinone (Ref: DPX A3674),High,0,0,0,0,0,0,0.324787972,0.0,0,0.324787972,1,23.36282484,0,0,0
Hexythiazox (Ref: NA 73),Not High,0,0,0,0,0,0,0.415910214,31.44389781,0,0.354346027,0,0.0,2,0,0
Hydramethylnon (Ref: BAS 315l),Not High,0,0,0,0,0,0,0.279579269,5.156663257,0,0.279579269,0,0.0,0,0,0
Hymexazol (Ref: F 319),High,0,0,0,0,0,0,0.409773963,0.0,0,0.409773963,0,0.0,0,0,0
Icaridin (Ref: KBR 3023),Not High,0,0,0,0,0,0,0.102221202,0.0,0,0.102221202,0,23.20187978,0,0,0
Imazalil (Ref: R 023979),Not High,0,0,0,0,0,0,0.338106998,0.0,0,0.338106998,0,0.0,0,0,0
Imazamethabenz-methyl (Ref: AC 222293),High,0,0,0,0,0,1,0.337550666,0.0,0,0.337550666,0,0.0,0,0,0
Imazamox (Ref: BAS 720H),High,0,0,0,0,0,1,0.337538763,0.0,0,0.337538763,0,0.0,0,0,0
Imazapyr,Not High,0,0,0,0,0,1,0.337561867,0.0,0,0.337561867,0,0.0,0,0,0
Imazaquin (Ref: BAS 725H),High,0,0,0,0,0,1,0.337549151,0.0,0,0.337549151,0,0.0,0,0,0
Imazethapyr (Ref: AC 252925),High,0,0,0,0,0,1,0.335067512,18.38575403,0,0.335067512,0,11.60093989,0,0,0
Imazosulfuron (Ref: TH 913),High,0,0,0,0,0,1,0.256798347,0.0,0,0.256798347,0,11.60093989,0,0,0
Imidacloprid (Ref: BAY NTN 33893),High,0,0,0,0,0,0,0.309956114,0.0,0,0.309956114,0,0.0,2,0,0
Sumithrin ,Not High,0,0,0,0,0,0,0.572596317,15.01022978,0,0.466559022,1,11.60093989,0,0,0
Indoxacarb (Ref: DPX KN128),Not High,0,0,0,0,0,0,0.379571638,0.0,0,0.379571638,0,52.51135764,0,0,0
Iodosulfuron-methyl-sodium (Ref: AE F115008),High,0,0,0,0,0,0,0.141796877,5.261891555,0,0.141796877,0,45.18174125,0,0,0
Ioxynil (Ref: ACP 63-303),Not High,0,0,0,0,0,0,0.339538399,0.0,0,0.335387948,2,23.20187978,0,0,0
Iprodione (Ref: ROP 500F),Not High,1,0,0,0,0,0,0.407548817,0.0,0,0.407548817,0,0.0,0,0,0
Iprovalicarb (Ref: SZX 0722),Not High,0,0,0,0,0,0,0.382438028,4.983978521,0,0.382438028,0,18.31954712,0,0,0
Isazofos (Ref: CGA 12223),Not High,0,0,0,0,0,0,0.341687276,0.0,0,0.341687276,0,6.64239854,0,0,0
Isofenphos (Ref: BAY SRA 12869),Not High,0,0,0,0,0,0,0.299451391,0.0,0,0.299451391,0,0.0,0,0,0
Isopropalin (Ref: EL-179),High,0,0,0,0,0,0,0.347050632,0.0,0,0.347050632,0,23.5237699,0,0,0
Isoprothiolane (Ref: SS 11946),High,0,0,0,0,0,0,0.32081664,0.0,0,0.32081664,0,0.0,0,0,0
Isoproturon (Ref: HOE 16410),Not High,0,0,0,0,0,0,0.181401971,0.0,0,0.181401971,0,0.0,0,0,0
Isoval,High,0,0,0,0,0,0,0.265111269,0.0,0,0.265111269,0,0.0,0,0,0
Isoxaben (Ref: EAF 496),High,0,0,0,1,0,0,0.415953188,13.17124514,0,0.360328056,0,0.0,0,0,0
Isoxaflutole (Ref: RPA 201772),Not High,0,0,0,0,0,0,0.381409344,0.0,0,0.381409344,0,6.718607232,0,0,0
Isoxathion (Ref: SL 6711),Not High,0,0,0,0,0,0,0.360263247,0.0,0,0.360263247,0,0.0,0,0,0
Kresoxim-methyl (Ref: BAS 490F),Not High,0,0,0,0,0,0,0.426122298,18.4331367,0,0.426122298,0,11.60093989,2,0,0
Lambda-cyhalothrin (Ref: OMS 3021),Not High,0,0,0,0,0,0,0.328318135,0.0,0,0.310765242,0,0.0,0,0,0
Lenacil (Ref: DPX B634),High,0,0,0,0,0,0,0.344982323,0.0,0,0.30600981,0,23.20187978,0,0,0
Linuron (Ref: HOE 02810),Not High,0,0,0,0,0,0,0.438816877,21.95207524,0,0.428486977,1,23.20187978,0,0,0
Lufenuron (Ref: CGA 184699),High,0,0,0,0,0,0,0.319693823,0.0,0,0.319693823,0,17.0752624,0,0,0
Malathion (Ref: OMS 1),Not High,0,0,0,0,0,0,0.262097357,0.0,0,0.262097357,0,0.0,0,0,0
Mancozeb,Not High,0,0,0,0,0,0,0.253332352,0.0,0,0.253332352,0,11.60093989,0,0,0
Maneb (Ref: ENT 14875),Not High,0,0,0,0,0,0,0.341222404,0.0,0,0.341222404,0,11.60093989,0,0,0
MCPA (Ref: BAS 009H),High,0,0,0,0,0,0,0.302971647,0.0,0,0.302971647,0,11.60093989,0,0,0
MCPB (Ref: MB 3046),Not High,0,0,0,0,0,0,0.415756108,0.0,0,0.415756108,1,17.0752624,0,0,0
Mecarbam (Ref: MC 474),Not High,0,0,0,0,0,0,0.344093957,0.0,0,0.344093957,0,11.60093989,0,0,0
Mecoprop (Ref: RD 4593),High,0,0,0,0,0,0,0.344093957,0.0,0,0.344093957,0,11.60093989,0,0,0
Mecoprop-P (Ref: BAS 037H),High,0,0,0,0,0,0,0.274312296,0.0,0,0.274312296,0,11.33678588,0,0,0
Mefenacet (Ref: FOE 1976),Not High,0,0,0,0,0,0,0.515990536,21.58904213,0,0.326012501,0,0.0,0,0,0
Mefluidide (Ref: MBR 12325),Not High,0,0,0,0,0,0,0.228104729,0.0,0,0.228104729,0,0.0,0,0,0
Mepanipyrim (Ref: KUF 6201),Not High,0,0,0,0,0,0,0.078203355,0.0,1,0.078203355,0,0.0,0,0,0
Mepiquat chloride (Ref: BAS 083W),Not High,0,0,0,0,0,0,0.255429537,0.0,0,0.255429537,0,0.0,0,0,0
Mepronil (Ref: B1 2459),Not High,0,0,1,0,0,0,0.335567052,0.0,0,0.335567052,0,0.0,1,0,0
Meptyldinocap (Ref: DE 126),Not High,0,0,0,0,0,0,0.072869091,0.0,0,0.072869091,0,39.67235797,0,0,0
Merphos,Not High,0,0,0,0,0,0,0.338754153,9.967957042,0,0.338754153,0,0.0,0,0,0
Mesosulfuron-methyl (Ref: AE F130060),High,0,0,0,1,0,0,0.281021223,0.0,0,0.281021223,0,0.0,0,0,0
Mesotrione (Ref: ZA 1296),Not High,0,0,0,0,0,0,0.572596317,23.53454422,0,0.405797347,0,0.0,0,0,0
Metaflumizone (Ref: BAS 320l),Not High,0,0,0,0,0,0,0.328177942,0.0,0,0.328177942,0,0.0,0,0,0
Metalaxyl (Ref: CGA 48988),Not High,0,0,0,0,0,0,0.328177942,0.0,0,0.328177942,0,0.0,0,0,0
Metalaxyl-M (Ref: CGA 329351),High,0,0,0,0,0,0,0.160590832,0.0,0,0.160590832,0,0.0,0,0,0
Metam-sodium (Ref: N 869),High,0,0,0,0,0,0,0.298251557,0.0,0,0.298251557,0,0.0,0,0,0
Metamitron (Ref: BAY DRW 1139),Not High,0,0,0,0,0,0,0.242968078,5.098681808,0,0.242968078,0,11.60093989,0,0,0
Metazachlor (Ref: BAS 47900H),High,0,0,0,0,0,0,0.137254612,5.098681808,0,0.137254612,0,11.60093989,0,0,0
Metconazole,High,0,0,0,0,0,0,0.322664215,0.0,0,0.322664215,0,11.33678588,0,0,0
Methabenzthiazuron (Ref: BAY 74283 ),High,0,0,0,0,0,0,0.322849071,0.0,0,0.313434947,0,18.1031436,0,0,0
Methamidophos (Ref: ENT 27396),High,0,0,0,0,0,0,0.442294841,0.0,0,0.311593405,0,23.20187978,0,0,0
Methazole (Ref: VCS-438),Not High,0,0,0,0,0,0,0.328602973,0.0,0,0.328602973,0,28.41204827,0,0,0
Methidathion (Ref: ENT 27193 ),Not High,0,0,0,0,0,0,0.411838665,0.0,0,0.410343603,0,11.76188495,0,0,0
Methiocarb (Ref: OMS 93),Not High,0,0,0,0,0,0,0.432613434,0.0,0,0.322657803,0,11.76188495,0,0,0
Methomyl (Ref: OMS 1196),High,0,0,0,0,0,0,0.330764713,0.0,0,0.330764713,0,0.0,3,0,0
Methoprene (Ref: OMS 1697),Not High,0,0,0,0,0,0,0.200859059,0.0,0,0.200859059,0,34.80281967,0,0,0
Methoxychlor (Ref: OMS 466),High,0,0,0,0,0,0,0.272300769,0.0,0,0.272300769,0,0.0,0,0,0
Methoxyfenozide (Ref: RH 2485),High,0,0,0,0,0,0,-0.008478783,0.0,0,0.008478783,0,15.9299439,0,0,0
Metiram (Ref: BAS 222F),Not High,0,0,0,0,0,0,0.344981515,0.0,0,0.306064084,0,15.9299439,0,0,0
Metobromuron (Ref: C 3216),Not High,0,0,0,0,0,0,0.241751517,0.0,0,0.241751517,0,11.60093989,0,0,0
Metolachlor (Ref: CGA 24705),Not High,0,0,0,0,0,0,0.299075321,22.90115192,0,0.299075321,0,23.20187978,0,0,0
Metosulam (Ref: XDE 511),High,0,0,0,0,0,0,0.320817476,0.0,0,0.320817476,0,11.60093989,0,0,0
Metoxuron (Ref: SAN 6915H),Not High,0,0,0,0,0,0,0.203566665,0.0,0,0.203566665,0,15.9299439,0,0,0
Metrafenone (Ref: BAS 560F),High,0,0,0,0,0,0,0.294653583,4.676102441,0,0.294653583,0,11.76188495,0,0,0
Metribuzin (Ref: DPX G2504),High,0,0,0,0,0,0,0.338753789,14.95193556,0,0.338753789,0,0.0,0,0,0
Metsulfuron-methyl (Ref: DPX T6376),High,0,0,0,0,0,0,0.528695363,0.0,0,0.465762125,0,7.822697123,1,0,0
Mevinphos (Ref: ENT 22374),High,0,0,0,0,0,0,0.281117362,0.0,0,0.281117362,0,11.76188495,0,0,0
Molinate (Ref: OMS 1373),Not High,0,0,0,0,0,0,0.344981518,0.0,0,0.306063654,0,11.60093989,0,0,0
Monolinuron (Ref: HOE 002747),High,0,0,0,0,0,0,0.32081665,0.0,0,0.32081665,0,11.60093989,0,0,0
Monuron,High,0,0,0,0,0,0,0.137253803,10.36057336,0,0.137253803,0,11.60093989,0,0,0
Myclobutanil (Ref: RH 3866),Not High,0,0,0,0,0,0,0.47497592,0.0,0,0.290207889,0,62.8844647,0,0,0
Naled (Ref: OMS 75),Not High,0,0,0,0,0,0,0.262824733,0.0,0,0.262824733,0,0.0,0,0,0
Napropamide (Ref: R 7465),Not High,0,0,0,0,0,0,0.336000242,0.0,0,0.336000242,0,0.0,0,0,0
Naptalam (Ref: ACP 322),High,0,0,0,0,0,0,0.321078032,0.0,0,0.321078032,0,23.20187978,0,0,0
Neburon,High,0,0,0,0,0,1,0.335067076,18.38575403,0,0.335067076,0,0.0,0,0,0
Nicosulfuron (Ref: DPX V9360),High,0,0,0,0,0,0,0.415986888,22.95172989,0,0.385445386,0,11.60093989,0,0,0
Norflurazon (Ref: H 52143),High,0,0,0,0,0,0,0.524855299,8.780830095,0,0.426935052,1,11.60093989,0,0,0
Novaluron (Ref: GR 572),High,0,0,0,0,0,0,0.144475576,0.0,0,0.144475576,0,11.60093989,0,0,0
Nuarimol (Ref: EL 228),High,0,0,0,0,0,0,0.260065881,0.0,0,0.260065881,0,11.53248661,0,0,0
Octhilinone (Ref: RH 893),High,0,0,0,0,0,0,0.328881567,0.0,0,0.328881567,0,11.60093989,0,1,0
Ofurace (Ref: AE F057623),High,0,0,0,0,0,0,0.38857477,0.0,0,0.358445723,0,18.17935229,0,0,0
Omethoate (Ref: ENT 25776),High,0,0,0,0,0,0,0.300525467,0.0,0,0.300525467,0,0.0,0,0,0
Oryzalin (Ref: EL 119),Not High,0,0,0,0,0,0,0.441526839,4.681802935,0,0.441526839,0,23.20187978,0,0,0
Oxadiargyl (Ref: RP 020630 ),Not High,0,0,0,0,0,0,0.441526839,4.681802935,0,0.441526839,0,23.20187978,0,0,0
Oxadiazon (Ref: RP 17623 ),High,0,0,0,0,0,0,0.428878414,0.0,0,0.428878414,0,0.0,0,1,0
Oxadixyl (Ref: SAN 371F),High,0,0,0,0,0,0,0.432627432,0.0,0,0.342862058,0,11.76188495,0,0,0
Oxamyl (Ref: DPX D1410),High,0,0,0,0,0,0,0.339476345,0.0,0,0.339476345,0,0.0,0,0,0
Oxasulfuron (Ref: CGA 277476 ),Not High,0,0,0,1,0,0,0.270180321,0.0,0,0.270180321,0,0.0,1,0,0
Oxycarboxin (Ref: F 461),High,0,0,0,0,0,0,0.388104652,0.0,0,0.304105924,0,18.17935229,0,0,0
Oxydemeton-methyl (Ref: ENT 24964),High,0,0,0,0,0,0,0.415966453,13.17124514,0,0.415966453,0,11.60093989,0,0,0
Oxyfluorfen (Ref: RH 2915),High,0,0,0,0,0,0,0.137266886,5.098681808,0,0.137266886,0,11.60093989,0,0,0
Paclobutrazol (Ref: PP 333),Not High,0,0,0,0,0,2,0.168629983,0.0,0,0.168629983,0,0.0,0,0,0
Paraquat (Ref: PP 148),High,0,0,1,0,0,0,0.380044537,0.0,0,0.380044537,0,6.718607232,0,0,0
Parathion-ethyl (Ref: OMS 19),Not High,0,0,1,0,0,0,0.379519486,0.0,0,0.379519486,0,6.718607232,0,0,0
Parathion-methyl (Ref: OMS 213),Not High,0,0,0,0,0,0,0.281117476,0.0,0,0.281117476,0,11.76188495,0,0,0
Pebulate (Ref: R 2061),Not High,0,0,0,0,0,0,0.137252921,5.098681808,0,0.137252921,0,23.20187978,0,0,0
Penconazole (Ref: CGA 71818),High,0,0,0,0,0,0,0.321894801,0.0,0,0.317227991,0,11.60093989,0,0,0
Pencycuron (Ref: NTN 19701),Not High,0,0,0,0,0,0,0.302091498,0.0,0,0.302091498,0,0.0,0,0,0
Pendimethalin (Ref: AC 92553),High,0,0,0,0,0,0,0.41738209,27.65460008,0,0.41738209,0,0.0,0,0,0
Penoxsulam (Ref: XDE 638),High,0,0,0,0,0,0,0.155457823,0.0,0,0.155457823,0,58.00469945,0,0,0
Pentachlorophenol,High,0,0,0,0,0,0,0.226703868,0.0,0,0.226703868,0,11.60093989,0,0,0
Pentanochlor (Ref: FMC 4512),High,0,0,0,0,0,0,0.309957644,0.0,0,0.309957644,0,23.20187978,1,0,0
Permethrin (Ref: OMS 1821),High,0,0,0,0,0,0,0.416588501,0.0,0,0.416588501,0,0.0,0,0,0
Phenmedipham (Ref: SN 38584),Not High,0,0,0,0,0,0,0.309956114,0.0,0,0.309956114,0,0.0,2,0,0
Phenothrin (Ref: OMS 1809),Not High,0,0,0,0,0,0,0.323646115,0.0,0,0.323646115,0,17.0752624,0,0,0
Phenthoate (Ref: OMS 1075),Not High,0,0,0,0,0,0,0.247627808,11.76188495,0,0.247627808,0,28.83714735,0,0,0
Phorate (Ref: ENT 24042),High,0,0,0,0,0,0,0.42022484,0.0,0,0.407627372,0,28.67620229,0,0,0
Phosalone (Ref: ENT 27163),Not High,0,0,0,0,0,0,0.261816708,0.0,0,0.261816708,1,17.0752624,0,0,0
Phosmet (Ref: OMS 232),Not High,0,0,0,0,0,0,0.52874525,0.0,0,0.407058979,0,19.42363701,1,0,0
Aluminium phosphide,Not High,0,0,0,0,0,0,0.401671694,5.261891555,0,0.312412422,0,6.718607232,0,0,0
Phoxim (Ref: OMS 1170),Not High,0,0,0,0,0,1,0.355698127,0.0,0,0.355698127,0,34.80281967,0,0,0
Picloram (Ref: X 159868),High,0,0,0,0,0,1,0.416045085,13.17124514,0,0.416045085,0,0.0,0,0,0
Picolinafen (Ref: BAS 700H),Not High,0,0,0,0,0,1,0.432982563,13.17124514,0,0.432982563,0,0.0,0,0,0
Picoxystrobin (Ref: ZA 1963),Not High,0,0,0,0,0,0,0.317458572,0.0,0,0.317458572,0,0.0,0,0,0
Pinoxaden (Ref: NOA 407855),Not High,0,0,0,0,0,0,0.230800643,0.0,0,0.230800643,0,0.0,0,0,0
Piperonyl butoxide (Ref: ENT 14250),Not High,0,0,0,0,0,0,0.415554336,4.983978521,0,0.390651204,0,0.0,0,0,0
Pirimicarb (Ref: OMS 1330),Not High,0,0,0,0,0,0,0.381305011,4.983978521,0,0.381305011,0,6.718607232,0,0,0
Pirimiphos-ethyl (Ref: PP211),Not High,0,0,0,0,0,0,0.380779969,4.983978521,0,0.380779969,0,6.718607232,0,0,0
Pirimiphos-methyl (Ref: OMS 1424),Not High,0,0,0,0,0,0,0.241500513,0.0,0,0.241500513,0,11.60093989,0,0,0
Pretilachlor (Ref: CGA 26423),Not High,0,0,0,0,0,0,0.388171329,27.52961723,0,0.388171329,0,0.0,0,0,0
Primisulfuron,High,0,0,0,0,0,0,0.329018276,0.0,0,0.329018276,0,34.80281967,0,0,0
Prochloraz (Ref: BTS 40542),High,0,0,0,0,0,0,0.24032936,0.0,0,0.24032936,1,23.20187978,0,0,0
Procymidone (Ref: S 7131),High,0,0,0,0,0,0,0.439677552,0.0,0,0.415379542,0,45.71023608,0,0,0
Prohexadione-calcium (Ref: BAS 125W),Not High,0,0,0,0,0,0,0.411838658,0.0,0,0.410344636,0,0.0,0,0,0
Promecarb (Ref: SN 34615),Not High,0,0,0,0,0,0,0.322270413,14.95193556,0,0.322270413,0,0.0,0,0,0
Prometon (Ref: G 31435),High,0,0,0,0,0,0,0.228190341,14.95193556,0,0.228190341,0,11.76188495,0,0,0
Prometryn (Ref: C 34161),High,0,0,0,0,0,0,0.241642076,0.0,0,0.241642076,0,11.60093989,0,0,0
Propachlor (Ref: CP 31393),Not High,1,0,0,0,0,0,0.406624919,0.0,0,0.406624919,0,12.40703316,0,0,0
Propamocarb hydrochloride (Ref: SN 66752),Not High,0,0,0,0,0,0,0.223591003,0.0,0,0.223591003,0,23.20187978,0,0,0
Propanil (Ref: FW 734),Not High,0,0,0,0,0,0,0.346654054,0.0,0,0.346654054,0,11.60093989,0,0,0
Propaquizafop (Ref: CGA 233380),Not High,0,0,0,0,0,0,0.305476148,4.208898492,0,0.305476148,0,0.0,0,0,0
Propargite (Ref: ENT 27226),Not High,0,0,0,0,0,0,0.228497192,14.95193556,0,0.228497192,0,11.60093989,0,0,0
Propazine (Ref: G 30028),High,0,0,0,0,0,0,0.333904697,0.0,0,0.333904697,0,6.64239854,1,0,0
Propetamphos (Ref: OMS 1502),Not High,0,0,0,0,0,0,0.411370177,0.0,0,0.411370177,0,0.0,0,0,0
Propham,Not High,0,0,0,0,0,0,0.216672198,5.098681808,0,0.216672198,0,23.20187978,0,0,0
Propineb (Ref: BAY 46131),Not High,0,0,0,0,0,0,0.411971486,0.0,0,0.411971486,0,0.0,0,0,0
Propoxycarbazone-sodium (Ref: MKH 6561),High,0,0,0,0,0,0,0.299235589,4.983978521,0,0.299235589,0,22.59087063,0,0,0
Proquinazid (Ref: DPX KQ926),Not High,0,0,0,0,0,0,0.252048633,0.0,0,0.252048633,0,23.20187978,0,0,0
Propyzamide (Ref: RH 315),High,0,0,0,0,0,0,0.281454461,0.0,0,0.281454461,0,11.76188495,0,0,0
Prosulfocarb (Ref: SC 0574),Not High,0,0,0,0,0,0,0.38894134,28.12318071,0,0.38894134,0,0.0,0,0,0
Prosulfuron (Ref: CGA 152005),High,0,0,0,0,0,0,0.21536659,0.0,0,0.21536659,0,35.41975322,0,0,0
Prothioconazole (Ref: JAU 6476 ),Not High,0,0,0,0,0,0,0.297055984,0.0,0,0.297055984,0,40.27714218,0,0,0
Prothiofos (Ref: OMS 2006),High,0,0,0,0,0,0,0.247314224,0.0,0,0.247314224,0,17.0752624,0,0,0
Prothoate (Ref: EI 18682),Not High,0,0,0,0,0,1,0.358034269,10.20281505,0,0.264050882,0,0.0,0,0,0
Pymetrozine (Ref: CGA 215944),Not High,0,0,0,0,0,0,0.439735573,5.098681808,0,0.413590164,0,29.78029218,0,0,0
Pyraclofos (Ref: OMS 3040),High,0,0,0,0,0,0,0.4380365,5.063217725,0,0.4380365,0,11.60093989,0,0,0
Pyraclostrobin (Ref: BAS 500F),Not High,0,0,0,0,0,0,0.388208141,13.8795119,0,0.388208141,0,23.20187978,0,0,0
Pyraflufen-ethyl (Ref: ET 751),Not High,0,0,0,0,0,0,0.381356261,0.0,0,0.381356261,0,6.718607232,0,0,0
Pyrazophos (Ref: HOE 2873),Not High,0,0,0,0,0,0,0.2232768,5.098681808,0,0.2232768,0,23.20187978,0,0,0
Pyrazoxyfen (Ref: SL 49),Not High,0,0,0,0,0,0,0.286662696,5.098681808,0,0.26602322,0,23.36282484,0,0,0
Pyridaben (Ref: BAS 300l),Not High,0,0,0,0,0,0,0.381354023,4.681802935,0,0.381354023,0,6.718607232,0,0,0
Pyridafenthion (Ref: ENT 23968)),Not High,0,0,0,0,0,0,0.372285136,0.0,0,0.372285136,0,23.36282484,0,0,0
Pyridate (Ref: CL 11344),Not High,0,0,0,0,0,1,0.106178089,0.0,0,0.106178089,0,23.20187978,0,0,0
Pyrifenox (Ref: CGA 179945),Not High,0,0,0,0,0,0,0.227127135,0.0,0,0.227127135,0,0.0,0,0,0
Pyrimethanil (Ref: SN 100309),Not High,0,0,0,0,0,1,0.213040403,0.0,0,0.213040403,0,0.0,0,0,0
Pyriproxyfen (Ref: S 9318),Not High,0,0,0,0,0,0,0.381358436,0.0,0,0.381358436,0,6.718607232,0,0,0
Quinalphos (Ref: ENT 27397),Not High,0,0,0,0,0,1,0.338953668,0.0,0,0.338953668,0,23.20187978,0,0,0
Quinclorac (Ref: BAS 514H),High,0,0,0,0,0,1,0.338953655,0.0,0,0.338953655,0,11.60093989,0,0,0
Quinmerac (Ref: BAS 518H),Not High,0,0,0,0,0,0,0.210554192,0.0,0,0.210554192,0,11.60093989,2,0,0
Quinoclamine,Not High,0,0,0,0,0,1,0.139366156,0.0,0,0.139366156,0,23.20187978,0,0,0
Quinoxyfen (Ref: DE 795),High,0,0,0,0,0,0,0.308987844,0.0,0,0.258215125,0,58.00469945,0,0,0
Quintozene,High,0,0,0,0,0,0,0.346516882,0.0,0,0.346516882,0,11.60093989,0,0,0
Quizalofop-ethyl (Ref: DPX Y6202),High,0,0,0,0,0,0,0.346516882,0.0,0,0.346516882,0,11.60093989,0,0,0
Quizalofop-P-ethyl (Ref: DPX 79376),Not High,0,0,0,0,0,0,0.346622148,0.0,0,0.346622148,0,11.60093989,0,0,0
Quizalofop-P-tefuryl (Ref: UBI C4874 ),Not High,0,1,0,0,0,0,0.309957973,0.0,0,0.309957973,0,0.0,2,0,0
Resmethrin (Ref: OMS 1206),Not High,0,0,0,1,0,1,0.335067329,18.38575403,0,0.335067329,0,0.0,0,0,0
Rimsulfuron (Ref: DPX E9636),High,0,0,0,0,0,0,0.168076685,11.76188495,0,0.168076685,0,11.76188495,2,0,0
Sethoxydim (Ref: BAS 9052H),Not High,0,0,0,0,0,0,0.318960298,0.0,0,0.318960298,0,0.0,0,0,0
Siduron,Not High,0,0,0,0,0,0,0.252023336,0.0,0,0.252023336,0,11.33678588,0,0,0
Silthiofam (Ref: MON 65500),High,0,0,0,0,0,0,0.228447015,14.95193556,0,0.228447015,0,11.60093989,0,0,0
Simazine (Ref: G 27692),Not High,0,0,0,0,0,0,0.360010642,5.098681808,0,0.360010642,0,0.0,0,0,0
Sodium chloride,High,0,0,0,0,0,0,0.342938111,0.0,0,0.342938111,0,23.20187978,0,0,0
Spirodiclofen (Ref: BAJ 2740),Not High,0,0,0,0,0,0,0.342903477,0.0,0,0.342903477,0,0.0,0,0,0
Spiromesifen (Ref: BSN 2060),Not High,0,0,0,0,0,0,0.168488679,0.0,0,0.168488679,0,0.0,0,0,0
Spiroxamine (Ref: KWG 4168),High,0,0,0,1,0,0,0.181779384,0.0,0,0.181779384,0,11.60093989,0,0,0
Sulcotrione (Ref: SC 0051),High,0,0,0,0,0,0,0.354780147,13.46263303,0,0.28218846,0,23.20187978,0,0,0
Sulfentrazone (Ref: FMC 97285),High,0,0,0,0,0,0,0.459647294,74.63705581,0,0.210062454,0,0.0,0,0,0
Sulfluramid (Ref: GX 071),Not High,0,0,0,1,0,1,0.33506736,18.38575403,0,0.33506736,0,0.0,0,0,0
Sulfosulfuron (Ref: MON 37500),High,0,0,0,0,0,0,0.333974098,0.0,0,0.30871,0,13.43721446,0,0,0
Sulfotep (Ref: ENT 16273),Not High,0,0,0,0,0,0,-0.196935358,13.49569335,0,0.196935358,0,13.49569335,0,0,0
Sulphur (Ref: SAN 7116),Not High,0,0,0,0,0,0,0.297004824,0.0,0,0.297004824,0,28.83714735,0,0,0
Sulprofos (Ref: NTN 9306),High,0,0,0,0,0,0,0.415964415,18.4331367,0,0.415964415,0,11.60093989,0,0,0
TCA-sodium,High,0,0,0,0,0,0,0.137254611,5.098681808,0,0.137254611,0,11.60093989,0,0,0
Tebuconazole (Ref: HWG 1608),Not High,0,0,0,0,0,0,0.272300768,0.0,0,0.267426111,0,0.0,0,0,0
Tebufenozide (Ref: RH 5992 2F ),Not High,0,0,0,0,0,0,0.270875495,5.098681808,0,0.270875495,0,11.60093989,0,0,0
Tebufenpyrad (Ref: AC 801757),Not High,0,0,0,0,0,0,0.227977448,0.0,0,0.227977448,0,0.0,0,0,0
Tebutam (Ref: GPC-5544),High,0,0,0,0,0,0,0.322709331,0.0,0,0.322709331,0,11.33678588,0,0,0
Tebuthiuron (Ref: EL 103),High,0,0,0,0,0,0,0.308874243,0.0,0,0.258215138,0,46.40375956,0,0,0
Tecnazene,Not High,0,0,0,0,0,0,0.32574412,0.0,0,0.304789001,1,23.20187978,0,0,0
Teflubenzuron (Ref: CME 13406),Not High,0,0,0,0,0,0,0.426122298,13.17124514,0,0.426122298,0,11.60093989,2,0,0
Tefluthrin (Ref: R 151993),Not High,0,0,0,0,0,0,0.379519432,0.0,0,0.379519432,0,25.19909941,0,0,0
Temephos (Ref: OMS 786),Not High,0,0,0,0,0,0,0.168086411,0.0,0,0.168086411,0,11.60093989,2,0,0
Tepraloxydim (Ref: BAS 620H),High,0,0,0,0,0,0,0.328619501,0.0,0,0.30980998,0,11.60093989,0,0,0
Terbacil (Ref: DPX D732),High,0,0,0,0,0,0,0.247628151,0.0,0,0.247628151,0,28.83714735,0,0,0
Terbufos (Ref: AC 92100),Not High,0,0,0,0,0,0,0.322270412,14.95193556,0,0.322270412,0,0.0,0,0,0
Terbumeton (Ref: GS 14259),High,0,0,0,0,0,0,0.228703836,14.95193556,0,0.228703836,0,11.60093989,0,0,0
Terbuthylazine,Not High,0,0,0,0,0,0,0.228396985,14.95193556,0,0.228396985,0,11.76188495,0,0,0
Terbutryn (Ref: GS 14260),Not High,0,0,0,0,0,0,0.529073071,0.0,0,0.40237747,0,54.22645668,0,0,0
Tetrachlorvinphos (Ref: SD 8447),Not High,0,0,0,0,0,0,0.416012737,13.8795119,0,0.315248384,0,23.20187978,0,0,0
Tetraconazole (Ref: M 14360),High,0,0,0,1,0,0,0.207618718,0.0,0,0.207618718,0,46.40375956,0,0,0
Tetradifon (Ref: ENT 23737),High,0,0,0,0,0,0,0.311362469,0.0,0,0.311362469,1,0.0,2,0,0
Tetramethrin (Ref: ENT 27339),Not High,0,0,0,0,0,0,0.157539864,0.0,0,0.157539864,0,11.33678588,0,0,0
Thiabendazole (Ref: MK 360),High,0,0,0,0,0,1,0.207817146,5.261891555,0,0.207817146,0,23.36282484,0,0,0
Thiacloprid (Ref: YRC 2894),Not High,0,0,0,0,0,0,0.27722833,0.0,0,0.27722833,0,22.93772577,0,0,0
Thiamethoxam (Ref: CGA 293343),High,0,0,0,0,0,0,0.444612298,13.17124514,0,0.340711347,0,11.33678588,0,0,0
Thiazafluron,High,0,0,0,0,0,1,0.433560537,13.17124514,0,0.433560537,0,11.76188495,0,0,0
Thiazopyr (Ref: MON 13200),High,0,0,0,0,0,0,0.323876302,0.0,0,0.307701589,0,11.53248661,0,0,0
Thidiazuron (Ref: SN 49537),Not High,0,0,0,0,0,0,0.348957168,14.95193556,0,0.348957168,0,11.33678588,0,0,0
Thifensulfuron-methyl (Ref: DPX M6316),High,0,0,0,0,0,0,0.281435544,0.0,0,0.281435544,0,23.36282484,0,0,0
Thiobencarb (Ref: IMC 3950),Not High,0,0,0,0,0,0,0.446688826,0.0,0,0.296443969,0,35.65773088,0,0,0
Thiodicarb (Ref: OMS 3026),Not High,0,0,0,0,0,0,0.432586716,11.76188495,0,0.322658202,0,11.76188495,0,0,0
Thiofanox (Ref: DS 15647),High,0,0,0,0,0,0,0.24632394,11.76188495,0,0.24632394,0,28.83714735,0,0,0
Thiometon (Ref: SAN 230),Not High,2,0,0,0,0,0,0.412626548,0.0,0,0.412626548,0,24.43574689,0,0,0
Thiophanate-methyl (Ref: NF 44),Not High,0,0,0,0,0,0,0.160496299,0.0,0,0.160496299,0,12.21787344,0,0,0
Thiourea,High,0,0,0,0,0,0,0.146451831,0.0,0,0.146451831,0,46.02354284,0,0,0
Thiram (Ref: ENT 987),Not High,0,0,0,0,0,0,0.281936783,0.0,0,0.281936783,0,11.76188495,0,0,0
Tiocarbazil (Ref: M 3432),Not High,0,0,0,0,0,0,0.379622356,0.0,0,0.379622356,0,29.92048701,0,0,0
Tolclofos-methyl (Ref: S 3349 ),Not High,0,0,0,0,0,0,0.324125655,20.82395028,0,0.193571808,0,35.14980275,0,0,0
Tolylfluanid (Ref: BAY 49854),Not High,0,0,0,0,0,0,0.168409766,0.0,0,0.168409766,0,0.0,2,0,0
Tralkoxydim (Ref: PP 604),Not High,0,0,0,0,0,0,0.310997753,5.261891555,0,0.310997753,0,63.71977559,0,0,0
Tralomethrin (Ref: OMS 3048),Not High,0,0,0,0,0,0,0.25159209,5.098681808,0,0.25159209,0,11.60093989,0,0,0
Triadimefon,Not High,0,0,0,0,0,0,0.218752641,5.098681808,0,0.218752641,0,11.60093989,0,0,0
Triadimenol (Ref: BAY KWG 0519),Not High,0,0,0,0,0,0,0.281949711,0.0,0,0.281949711,0,46.56470462,0,0,0
Tri-allate (Ref: CP 23426),High,0,0,0,0,0,0,0.335024549,14.95193556,0,0.335024549,0,11.60093989,0,0,0
Triasulfuron (Ref: CGA 131036 ),High,0,0,0,0,0,0,0.346141399,4.681802935,0,0.346141399,0,11.76188495,0,0,0
Triazamate (Ref: RH 7988),Not High,0,0,0,0,0,0,0.382437677,4.983978521,0,0.382437677,0,6.718607232,0,0,0
Triazophos (Ref: HOE 002960 ),Not High,0,0,0,0,0,0,0.302186548,0.0,0,0.302186548,0,11.60093989,0,0,0
Triazoxide (Ref: SAS 9244),High,0,0,0,0,0,0,0.338753789,14.95193556,0,0.338753789,0,0.0,0,0,0
Tribenuron-methyl (Ref: DPX L5300),High,0,0,0,0,0,0,0.243405979,0.0,0,0.243405979,0,38.89266262,0,0,0
Tribufos,Not High,0,0,0,0,0,0,0.362332512,0.0,0,0.362332512,0,42.398582,0,0,0
Trichlorfon (Ref: OMS 800),High,0,0,0,0,0,0,0.237380929,0.0,0,0.237380929,0,41.29449211,0,0,0
Trichloronate (Ref: BAY 37289),High,0,0,0,0,0,1,0.341291581,4.983978521,0,0.341291581,0,34.80281967,0,0,0
Triclopyr,High,0,0,0,0,0,0,0.216552054,0.0,0,0.216552054,0,11.33678588,0,0,0
Tricyclazole (Ref: EL 291),High,0,0,0,0,0,0,0.067769478,0.0,0,0.067769478,0,0.0,0,0,0
Tridemorph (Ref: BAS 2205-F),Not High,0,0,0,0,1,0,0.19330785,0.0,0,0.19330785,0,58.00469945,0,0,0
Tridiphane,Not High,0,0,0,0,0,0,0.230939051,14.95193556,0,0.230939051,0,11.60093989,0,0,0
Trietazine (Ref: G 27901),Not High,0,0,0,0,0,0,0.415931995,13.17124514,0,0.415931995,0,0.0,0,0,0
Trifloxystrobin (Ref: CGA 279202),Not High,0,0,0,0,0,0,0.418036416,13.17124514,0,0.373528559,0,11.60093989,0,0,0
Triflumizole (Ref: NF 114 ),Not High,0,0,0,0,0,0,0.572596317,0.0,0,0.405797347,1,11.60093989,0,0,0
Triflumuron (Ref: OMS 2015),Not High,0,0,0,0,0,0,0.416414444,13.17124514,0,0.36036494,0,0.0,0,0,0
Trifluralin (Ref: EL 152),High,0,0,0,0,0,0,0.422194769,28.12318071,0,0.422194769,0,0.0,0,0,0
Triflusulfuron-methyl (Ref: DPX 66037),High,0,0,0,0,0,0,0.223223142,0.0,0,0.223223142,0,69.60563934,0,0,0
Triforine (Ref: AC 902194),Not High,0,0,0,0,0,0,0.411838658,0.0,0,0.410344658,0,0.0,0,0,0
Trimethacarb (Ref: OMS 597),Not High,0,0,0,0,0,0,0.309344467,0.0,0,0.309344467,0,0.0,2,0,0
Trinexapac-ethyl (Ref: CGA 163935),Not High,0,0,0,0,0,0,0.137254847,5.098681808,0,0.137254847,0,11.60093989,0,0,0
Triticonazole (Ref: RPA 400727),High,0,0,0,0,0,0,0.451328248,41.29442585,0,0.451328248,0,0.0,0,0,0
Tritosulfuron,High,0,0,0,0,0,0,0.137688823,5.098681808,0,0.137688823,0,11.60093989,0,0,0
Uniconazole (Ref: XE 1019),High,0,0,0,0,0,0,0.388103191,0.0,0,0.358224535,0,29.94123724,0,0,0
Vamidothion (Ref: ENT 26613),High,0,0,0,0,0,0,0.281126773,0.0,0,0.281126773,0,11.76188495,0,0,0
Vernolate (Ref: R-106),Not High,0,0,0,0,0,0,0.422243004,0.0,0,0.422243004,1,23.20187978,0,1,0
Vinclozolin (Ref: BAS 352F),Not High,0,0,0,0,0,0,0.343365936,0.0,0,0.343365936,0,0.0,0,0,0
Warfarin,Not High,0,0,0,0,0,0,0.311285242,5.261891555,0,0.311285242,0,23.20187978,1,0,0
Ziram,Not High,0,0,0,0,0,0,0.251670803,0.0,0,0.251670803,0,34.80281967,0,0,0
Zoxamide (Ref: RH 7281),Not High,0,0,0,1,0,0,0.27695836,0.0,0,0.27695836,0,0.0,0,0,0
Topramezone (Ref: BAS 670 H),High,0,0,0,0,0,0,0.432577526,0.0,0,0.322658339,0,0.0,0,0,0
Aldicarb sulfoxide,High,0,0,0,0,0,0,0.335321879,0.0,0,0.335321879,0,0.0,0,0,0
3-phenoxybenzoic acid,Not High,0,0,0,0,0,0,0.342368101,0.0,0,0.342368101,0,23.20187978,0,0,0
4-fluoro-3-phenoxybenzoic acid,High,0,0,0,0,0,0,0.230295915,0.0,0,0.230295915,1,0.0,2,0,0
Bifenox acid,High,0,0,0,0,0,0,0.197993191,0.0,0,0.197993191,0,0.0,0,0,0
"1,2,4-triazole (Ref: CGA 71019)",Not High,0,0,0,0,0,0,0.267610693,0.0,0,0.267610693,0,0.0,1,0,0
Tetrahydrophthalimide,High,0,0,0,0,0,0,0.354828821,13.46263303,0,0.354828821,0,11.60093989,0,0,0
1-naphthol,Not High,0,0,0,0,0,0,0.354829003,13.46263303,0,0.354829003,0,11.60093989,0,0,0
2-aminobenzimidazole,High,0,0,0,0,1,0,0.184681051,0.0,0,0.184681051,0,92.80751912,2,0,0
Carboxin sulfoxide,High,0,0,0,0,0,1,0.267410321,0.0,0,0.267410321,0,34.80281967,0,0,0
"3-(2-chloro-5-(4-(difluoromethyl)-3-methyl-5-oxo-4,5-dihydro-1H-1,2,4-triazol-1-yl)-4-fluorophenyl)propanoic acid",Not High,0,0,0,0,0,0,0.168002584,0.0,0,0.168002584,0,11.60093989,2,0,0
"(2E)-3-(2-chloro-5-(4-(difluoromethyl)-3-methyl-5-oxo-4,5-dihydro-1H-1,2,4-triazol-1-yl)-4-fluorophenyl)acrylic acid",Not High,0,0,0,0,0,0,0.064972247,0.0,0,0.064972247,0,23.20187978,0,0,0
Oxychlordane,Not High,0,0,0,0,0,0,0.310755426,5.261891555,0,0.310755426,0,31.8598878,0,0,0
"3,5,6-trichloro-2-pyridinol",High,0,0,0,0,0,0,0.22611028,14.95193556,0,0.22611028,0,0.0,0,0,0
Clethodim sulfoxide,High,0,0,0,0,0,0,0.414358721,0.0,0,0.414358721,0,31.41370696,0,0,0
"2,4-dichloroaniline",Not High,0,0,0,0,0,0,0.114760019,0.0,0,0.084343739,0,46.40375956,0,0,0
Bromoxynil-octanoate,Not High,0,0,0,0,0,0,0.272614327,4.983978521,0,0.272614327,0,0.0,0,0,0
Cyhalofop,Not High,0,0,0,0,0,0,0.340571518,0.0,0,0.340571518,0,23.20187978,0,0,0
Melamine (Ref: CGA 235129),High,0,0,0,0,0,0,0.34409367,0.0,0,0.34409367,0,23.20187978,0,0,0
Thiocyclam oxalate (Ref: SAN 1551),High,0,0,0,0,0,0,0.399374465,8.417796984,0,0.247799967,0,69.60563934,2,0,0
DDE (Ref: HSDB 1625),High,0,0,0,0,0,0,0.226139407,9.967957042,0,0.226139407,0,0.0,0,0,0
DDD (Ref: ENT 4225),High,0,0,0,0,0,0,0.322135409,0.0,0,0.319587815,1,0.0,0,0,0
Decamethrinic acid (Ref: AE F108565),High,0,0,0,0,0,0,0.458438966,0.0,0,0.413170214,0,7.746488431,0,0,0
Ethyl 3-hydroxycarbamate,Not High,0,0,0,0,0,0,0.279992971,4.983978521,0,0.279992971,0,0.0,0,0,0
Pyrimidinol (Ref: GS-27550),High,0,0,0,0,0,0,0.272065128,0.0,0,0.272065128,0,0.0,0,0,0
"3,6-dichlorosalicylic acid (Ref: NOA 414746)",Not High,0,0,0,0,0,0,0.379519593,0.0,0,0.379519593,0,6.718607232,0,0,0
Dimethylaminosulfanilide,High,0,0,0,0,0,1,0.419485875,23.13920218,0,0.419485875,0,0.0,0,0,0
"2,4-dichlorophenol",Not High,0,0,0,0,0,1,0.418744132,13.17124514,0,0.242906422,0,0.0,0,0,0
Diclofop (Ref: AE F021079),Not High,0,0,0,0,0,1,0.419462985,23.13920218,0,0.419462985,0,0.0,0,0,0
Endosulfan sulfate,Not High,0,0,0,0,0,0,0.490240318,13.17124514,0,0.474581172,0,0.0,0,0,0
"2-amino-4,6-dimethoxypyrimidine (Ref: AE-F092944)",Not High,0,0,0,0,0,0,0.415935303,13.17124514,0,0.415935303,0,0.0,0,0,0
"(S)-5-methyl-5-phenylimidazolidine-2,4-dione (Ref: RPA 412636)",High,0,0,0,0,0,0,0.258423667,0.0,0,0.258423667,1,0.0,0,0,0
Fenamiphos sulfoxide,Not High,0,0,0,0,0,0,0.335999885,0.0,0,0.335999885,0,0.0,0,0,0
4-hydroxyquinazoline,Not High,0,0,0,0,0,0,0.062336152,0.0,0,0.062336152,0,11.60093989,0,0,0
3-methyl-4-nitrophenol,Not High,0,0,0,0,0,0,0.33849947,0.0,0,0.323539917,0,7.595762327,0,0,0
Fenthion sulfoxide (Ref: BAY S 2281),Not High,0,0,0,0,1,0,0.166497396,0.0,0,0.166497396,0,81.20657923,2,0,0
"1-(4,6-dimethoxypyrimidin-2-yl)-1-(3-trifluoromethyl-2-pyridyl)urea",High,0,0,0,0,0,1,0.337565583,0.0,0,0.337565583,0,0.0,0,0,0
3-trifluoromethyl-2-pyridylsulfonamide,High,0,0,0,0,0,1,0.336899689,0.0,0,0.336899689,0,0.0,0,0,0
"4,6-dimethoxy-N-(3-(trifluoromethyl)pyridin-2-yl)pyrimidin-2-amine",High,0,0,0,0,0,1,0.336760525,0.0,0,0.336760525,0,11.60093989,0,0,0
4-trifluoromethylnicotinic acid,High,0,0,0,0,0,0,0.572596317,10.11032005,0,0.466559022,0,11.60093989,0,0,0
Flufenacet sulphonic acid (Ref: AE 0841914),High,0,0,0,1,0,0,0.415953222,13.17124514,0,0.415953222,0,0.0,0,0,0
Flufenacet oxalate (Ref: AE 0841913),High,0,0,0,0,0,0,0.317267386,0.0,0,0.317267386,0,17.0752624,0,0,0
"2,6-dichlorobenzamide (Ref: AE C653711)",High,0,0,0,0,0,0,0.314414288,0.0,0,0.314414288,0,0.0,0,0,0
3-chloro-5-trifluoromethyl-pyridine-2-carboxylic acid (Ref: AE-C657188),High,0,0,0,0,0,0,0.175660395,0.0,0,0.175660395,0,33.8056694,0,0,0
Acifluorfen (Ref: RH 5781),High,0,0,0,0,0,0,0.118084748,0.0,0,0.118084748,0,11.60093989,0,0,0
Trifluoroethanoic acid,High,0,0,0,0,0,0,0.326018094,0.0,0,0.326018094,0,0.0,0,0,0
3-trifluoromethylbenzoic acid (Ref: RE-54488),High,0,0,0,0,0,0,0.058155857,0.0,0,0.058155857,0,12.21787344,0,0,0
Phthalimide,Not High,0,0,0,0,0,0,0.299229736,10.08266033,0,0.264800389,0,0.0,0,0,0
Phthalic acid,Not High,0,0,0,0,0,0,0.411838665,0.0,0,0.410343579,0,0.0,0,0,0
Phthalamic acid,High,0,0,0,0,0,0,0.363037496,9.774784249,0,0.331857065,0,0.0,0,0,0
3-chloroallyl alcohol,High,0,0,0,0,0,0,0.341642648,5.098681808,0,0.271355579,0,0.0,0,0,0
2-butanesulfonic acid,High,0,0,0,0,0,0,0.338734284,0.0,0,0.338734284,0,0.0,0,0,0
Aminomethylphosphonic acid,High,0,0,0,0,0,0,0.265897765,0.0,0,0.265897765,0,0.0,0,0,0
Heptachlor epoxide (Ref: ENT 25584),Not High,0,0,1,0,0,0,0.27043418,0.0,0,0.258308886,0,11.60093989,0,0,0
"2-(4,5-dihydro-4-methyl-4-(1-methylethyl)-5-oxo-1H-imidazol-2-yl)-3,5,pyridinecarboxylic acid (Ref: CL 312622)",Not High,0,0,0,0,0,0,0.120883846,0.0,0,0.120883846,0,0.0,0,0,0
"5-hydroxy-6-((4RS)-4-isopropyl-4-methyl-5-oxo-4,5-dihydro-1H-imidazol-2-yl)nicotinic acid (Ref: CL-354825)",High,0,0,0,0,0,0,0.06122663,0.0,0,0.06122663,0,23.20187978,0,0,0
6-chloronicotinic acid (Ref: IC-0),Not High,0,0,0,0,0,0,0.031347593,0.0,0,0.031347593,0,0.0,0,0,0
"Methyl-7-chloro-2,5-dihydro-2-(((trifluoromethoxy)phenyl)amino)carbonyl(indeno(1,3,4)oxadiazine-4a(3H)-carboxylate (Ref: IN JT333)",High,0,0,0,0,0,0,0.31429149,0.0,0,0.31429149,0,0.0,0,0,0
(4-trifluoromethoxy)phenyl urea (Ref: IN MK638),Not High,0,0,0,0,0,0,0.219924738,0.0,0,0.219924738,0,0.0,0,0,0
"N-(3,5-dichlorophenyl)3-isopropyl-2,4-dioxoimidazoline-1-carboxamide (Ref: RP-30228)",Not High,0,0,0,0,0,0,0.080845102,0.0,0,0.080845102,0,58.00469945,0,0,0
(2RS)-3-cyclopropyl-2-(2-(methylsulfonyl)-4-(trifluoromethyl)benzoyl)-3-oxopropanenitrile (Ref: RPA 202248),High,0,0,0,0,0,0,0.135261967,0.0,0,0.135261967,0,34.80281967,0,0,0
2-mesyl-4-trifloromethylbenzoic acid (Ref: RPA 203328),High,0,0,0,0,0,0,0.247028993,0.0,0,0.223929522,0,11.33678588,0,0,0
Malathion monocarboxylic acid (Ref: MMCA),Not High,0,0,0,0,0,0,0.246325393,0.0,0,0.246325393,0,17.0752624,0,0,0
Ethylenethiourea,High,0,0,0,0,0,0,0.300616242,12.72301298,0,0.27093346,0,0.0,0,0,0
Ethylene urea,High,0,0,0,0,0,0,0.341687275,0.0,0,0.341687275,0,6.64239854,0,0,0
Etem,Not High,0,0,0,0,0,0,0.078199465,0.0,1,0.078199465,0,0.0,0,0,0
4-chloro 2-methylphenol,Not High,0,0,0,0,0,0,0.417935089,13.17124514,0,0.398235251,0,11.60093989,0,0,0
"4,6-dimethoxypyrimidine-2-yl-urea (Ref: AE-F099095)",Not High,0,0,0,0,0,0,0.399781331,4.983978521,0,0.399781331,0,11.60093989,0,0,0
Mesosulfuron (Ref: AE F154851),High,0,0,0,0,0,0,0.416783326,0.0,0,0.407862112,0,11.60093989,0,0,0
4-methylsulfonyl-2-nitrobenzoic acid,High,0,0,0,0,0,0,0.281509847,0.0,0,0.281509847,0,11.76188495,0,0,0
"N-(2,6-dimethylphenyl)-N-(methoxyacetyl)alanine (Ref: CGA 62826)",High,0,0,0,0,0,0,0.328176535,0.0,0,0.328176535,0,0.0,0,0,0
Methyl isothiocyanate (Ref: SN-32866),High,0,0,0,0,0,0,0.241500268,0.0,0,0.241500268,0,11.60093989,1,0,0
Desamino-metamitron,High,0,0,0,0,0,0,0.273539685,8.417796984,0,0.273539685,0,0.0,1,0,0
Methiocarb sulfoxide,High,0,0,0,0,0,0,0.41743646,26.34249029,0,0.306160817,1,11.60093989,0,0,0
Diketo-metribuzin (Ref: BCS-AG59919),High,0,0,0,0,0,0,0.379519433,5.261891555,0,0.379519433,0,6.718607232,0,0,0
Desaminodiketo-metribuzin (Ref: BCS-AA68848),High,0,0,0,0,0,0,0.330498249,0.0,0,0.330498249,0,0.0,3,0,0
Methyl 2-sulfamoylbenzoate (Ref: IN D5803),High,0,0,0,0,0,0,0.137267697,5.098681808,0,0.137267697,0,46.56470462,0,0,0
"1,2-benzisothiazol-3(2H)-one,1,1-dioxide (Ref: IN 00581)",High,0,0,0,0,0,0,0.241751517,0.0,0,0.241751517,0,11.60093989,0,0,0
3-(ethylsulfonyl)-2-pyridinesulfonamide (Ref: IN E9260),High,0,0,0,0,0,0,0.168087093,11.76188495,0,0.168087093,0,23.36282484,2,0,0
3-chloro-4-methylaniline,Not High,0,0,0,0,0,0,0.273539885,8.417796984,0,0.273539885,0,0.0,0,0,0
3-aminophenol,High,0,0,0,0,0,0,0.305022319,0.0,0,0.305022319,0,11.33678588,0,0,0
"5,6-dimethyl-2-(methylamino)pyrimidin-4-ol (Ref: R34865)",Not High,0,0,0,0,0,0,0.415964413,13.17124514,0,0.39752262,0,11.60093989,0,0,0
"3,4-dichloroaniline",Not High,0,0,0,0,0,0,0.310750541,5.261891555,0,0.310750541,0,45.18174125,0,0,0
Aniline,High,0,0,1,0,0,0,0.338159152,0.0,0,0.338159152,0,0.0,0,0,0
Propylene urea,High,0,0,0,0,0,0,0.028768154,0.0,0,0.028768154,0,31.41370696,0,0,0
Pyridafol (Ref: CL 9673),High,0,0,0,0,0,1,0.417446253,13.17124514,0,0.417446253,0,11.60093989,0,0,0
"2-amino-4,6-dimethylpyrimidine (Ref: AE-F1312593)",Not High,0,0,0,0,0,0,0.299259162,4.67041619,0,0.299259162,1,6.64239854,0,0,0
Benzaldehyde,High,0,0,0,0,0,0,0.338924041,0.0,0,0.338924041,0,23.20187978,0,0,0
Benzyl alcohol,Not High,0,0,0,0,0,0,0.299684553,0.0,0,0.299684553,0,0.0,0,0,0
"2,4,5-trichlorophenol",Not High,0,0,0,0,0,0,0.325616022,0.0,0,0.325616022,0,22.93772577,0,0,0
Thiophene sulfonamide (Ref: IN W8268),High,0,0,0,0,0,0,0.246844056,0.0,0,0.246844056,0,17.0752624,0,0,0
Thiometon sulfoxide,High,0,0,0,0,0,0,0.23903142,0.0,0,0.224581314,0,11.60093989,0,0,0
"N,N-dimethyl-N'-p-tolysulphamide",Not High,0,0,0,0,0,0,0.32068065,14.95193556,0,0.32068065,0,0.0,0,0,0
"2-dodecyl-3-hydroxy-1,4-naphthoquinone",Not High,0,0,0,0,0,0,0.286865256,5.098681808,0,0.286865256,0,11.60093989,0,0,0
Fenoxaprop-P (Ref: AE-F088406),Not High,0,0,0,0,0,0,0.41208522,0.0,0,0.41208522,0,23.20187978,0,0,0
Chlorobenzoxazolone (Ref: AE-F054014),Not High,0,0,0,0,0,0,0.380096497,0.0,0,0.380096497,0,41.68237196,0,0,0
Methyl 2-(dimethylamino)-N-(((methylamino)carbonyl)oxy)-2-oxoethanimidothioate (Ref: IN A2213),High,0,0,0,0,0,0,0.528694335,0.0,0,0.40865654,0,7.822697123,1,0,0
2-chloro-4-methylsulfonyl-benzoic acid,High,0,0,0,0,0,0,0.320277418,0.0,0,0.320277418,0,11.33678588,0,0,0
Benalaxyl-M (Ref: IR 6141),High,0,0,0,0,0,0,0.343620234,23.48443583,0,0.343620234,0,11.60093989,0,0,0
Pethoxamid (Ref: ASU 96 520H),Not High,0,0,0,1,0,0,0.411294597,13.17124514,0,0.367256458,0,11.60093989,0,0,0
N-(2-ethoxyethyl)-N-(2-methyl-1-phenyl-1-propenyl)-2-sulfoacetamide,High,0,0,0,0,0,0,0.513118224,0.0,0,0.43428578,0,0.0,0,0,0
Sulfosulfuron sulfonamide (Ref: MON 52729),High,0,0,0,0,0,1,0.343991292,9.374393569,0,0.343991292,0,23.20187978,0,0,0
Bistrifluron (Ref: DBI-3204),High,0,0,1,0,0,0,0.416165205,13.17124514,0,0.416165205,0,0.0,0,0,0
Carpropamid (Ref: KTU 3616),Not High,0,0,0,0,0,0,0.206275888,0.0,0,0.206275888,0,23.20187978,2,0,0
Cyanophos (Ref: OMS 226),Not High,0,0,0,0,0,0,0.331474169,0.0,0,0.331474169,0,0.0,3,0,0
Hydroprene (Ref: OMS 1696),Not High,0,0,0,1,0,0,0.435444317,26.34249029,0,0.346084093,0,22.59087063,0,0,0
Imibenconazole (Ref: HF 6305),Not High,0,0,0,0,0,1,0.417501125,27.65460008,0,0.417501125,0,0.0,0,0,0
S-metolachlor (Ref: CGA 77102),Not High,0,0,0,0,0,0,0.336132703,18.38575403,0,0.336132703,0,0.0,0,0,0
Profoxydim (Ref: BAS 625H),Not High,0,0,0,0,0,0,0.272300769,0.0,0,0.272300769,0,0.0,0,0,0
Metolachlor ethane sulfonic acid (Ref: CGA 354743),High,0,0,0,0,0,0,0.323438187,21.14080996,0,0.23431978,0,15.9299439,0,0,0
6-fluoro-2-hydroxybenzothiazole (Ref: KIF-230-M1),High,0,0,0,0,0,0,0.137254611,5.098681808,0,0.137254611,0,11.60093989,0,0,0
"((2,6-dimethylphenyl)-2-methoxyethyl)carbamoyl)methanesulfonic acid sodium salt (Ref: CGA 354742)",High,0,0,0,0,0,0,0.339019482,4.983978521,0,0.339019482,0,11.60093989,0,0,0
Dodemorph acetate (Ref: BAS 238F),Not High,0,0,0,0,0,0,0.338753789,14.95193556,0,0.338753789,0,0.0,0,0,0
"2,4-dichlorobenzoic acid",High,0,0,0,0,0,0,0.336132703,18.38575403,0,0.336132703,0,0.0,0,0,0
Haloaniline,Not High,0,0,0,0,0,1,0.422069171,31.55699917,0,0.422069171,0,0.0,0,0,0
Glyphosate-trimesium,Not High,0,0,0,0,0,1,0.337548969,0.0,0,0.337548969,0,0.0,0,0,0
Ioxynil octanoate,Not High,0,0,0,0,0,0,0.339551287,27.29156697,0,0.339551287,0,11.60093989,0,0,0
Nitrothal-isopropyl (Ref: BAS 300 OOF),High,0,0,0,0,0,0,0.321829368,27.29156697,0,0.321829368,0,23.20187978,0,0,0
Thiocyclam,High,0,0,0,0,0,0,0.372822087,19.93591408,0,0.372822087,0,0.0,0,0,0
Haloxyfop-etotyl (Ref: DOWCO 453EE),Not High,0,0,0,0,0,0,0.228209375,14.95193556,0,0.228209375,0,11.76188495,0,0,0
Haloxyfop-P-methyl (Ref: DE 535),Not High,0,0,0,0,0,0,0.372940702,4.676102441,0,0.33343489,0,0.0,0,0,0
Ditalimfos (Ref: DOWCO 199),Not High,0,0,0,0,0,0,0.415966453,13.17124514,0,0.415966453,0,11.60093989,0,0,0
Calcium phosphide,Not High,0,0,0,0,0,0,0.343657283,0.0,0,0.343657283,1,11.60093989,0,0,0
"2,5-dichlorobenzoic acid methyl ester",Not High,0,0,0,0,0,0,0.426856673,0.0,0,0.426856673,1,11.60093989,1,1,0
Iminoctadine triacetate (Ref: DF 125),High,0,0,0,0,0,0,0.241763663,0.0,0,0.241763663,0,22.93772577,0,0,0
Benazolin-ethyl,Not High,0,0,0,0,0,0,0.264644868,0.0,0,0.264644868,0,0.0,0,0,0
Butroxydim (Ref: ICIA0500),Not High,0,0,0,0,0,0,0.376898857,4.681802935,0,0.319972728,0,11.60093989,0,0,0
Disulfoton sulfoxide (Ref: BAY 23323),Not High,0,0,0,0,0,0,0.246795901,0.0,0,0.246795901,0,28.67620229,0,0,0
Magnesium phosphide,Not High,0,0,0,0,0,0,0.247333698,0.0,0,0.247333698,0,17.0752624,0,0,0
2-chlorobenzenesulfonamide (Ref: IN A4097),High,0,0,0,0,0,0,0.281695675,0.0,0,0.281695675,0,11.76188495,0,0,0
Quizalofop (Ref: CGA 287422),Not High,0,0,0,0,0,1,0.339132089,5.101407526,0,0.339132089,0,0.0,0,0,0
Sodium 5-nitroguaiacolate,Not High,0,0,0,0,1,0,0.177111036,0.0,0,0.177111036,0,11.60093989,0,0,0
Sodium o-nitrophenolate,Not High,0,0,0,0,0,0,0.311283712,5.261891555,0,0.311283712,0,0.0,2,0,0
Sodium p-nitrophenolate,Not High,0,0,0,0,0,0,0.411848335,0.0,0,0.410057886,0,0.0,0,0,0
Dioxathion (Ref: Hercules AC25),Not High,0,0,0,0,0,0,0.411838655,0.0,0,0.41034501,0,0.0,0,0,0
5-amino-4-chloro-3(2H)-pyridazinone,High,0,0,0,0,0,0,0.269105722,0.0,0,0.269105722,0,0.0,0,0,0
5-amino-4-chloro-2-methyl-3(2H)-pyridazinone,High,0,0,0,0,0,0,0.255931123,0.0,0,0.255931123,0,23.20187978,0,0,0
Barban (Ref: A-980),Not High,0,0,0,0,0,0,0.253339652,0.0,0,0.253339652,0,0.0,0,0,0
Chlorthiophos (Ref: ENT 27635),Not High,0,0,0,0,0,0,0.044279224,0.0,0,0.044279224,0,23.20187978,0,0,0
Monocrotophos (Ref: ENT 27129),High,0,0,0,0,0,0,0.237555208,0.0,0,0.237555208,0,11.60093989,0,0,0
Dikegulac,High,0,0,0,0,0,0,0.411838514,0.0,0,0.410352856,0,0.0,0,0,0
Benzthiazuron (Ref: BAY 60618 ),High,0,0,0,0,0,0,0.307427824,0.0,0,0.307427824,0,34.80281967,0,0,0
Halosulfuron-methyl (Ref: CGA 288239),Not High,0,0,0,0,0,0,0.25348608,0.0,0,0.25348608,0,0.0,0,0,0
Tembotrione (Ref: AE 0172747),High,0,0,0,0,0,0,0.216672032,5.098681808,0,0.216672032,0,23.20187978,0,0,0
Spirotetramat (Ref: BYI 08330),Not High,0,0,0,0,0,0,0.416414444,13.17124514,0,0.356122791,0,11.60093989,0,0,0
Fluroxypyr-meptyl,Not High,0,0,0,0,0,0,0.411838675,0.0,0,0.410342294,0,0.0,0,0,0
MCPA-thioethyl,High,0,0,0,0,0,1,0.232125496,0.0,0,0.232125496,0,46.40375956,0,0,0
Sodium chlorate,High,0,0,0,0,0,0,0.337673805,0.0,0,0.337673805,0,23.20187978,0,0,0
Fluorodifen (Ref: C 6989),Not High,0,0,0,0,0,0,0.418400224,13.17124514,0,0.392586846,0,0.0,0,0,0
Dichlone (Ref: USR 604),Not High,0,0,0,0,0,0,0.322270299,14.95193556,0,0.322270299,0,0.0,0,0,0
Fenaminosulf (Ref: BAY 5027),High,0,0,0,0,0,0,0.32199894,0.0,0,0.313425114,0,28.53600745,0,0,0
Kinoprene,Not High,0,0,0,0,0,0,0.331702928,0.0,0,0.331702928,0,23.20187978,0,0,0
Flubendiamide (Ref: NNI-0001),High,0,0,0,0,0,0,0.389433119,0.0,0,0.297968297,0,18.17935229,0,0,0
Pyroxsulam (Ref: XDE 742),High,0,0,0,0,0,0,0.260209423,5.098681808,0,0.260209423,0,11.60093989,0,0,0
Orthosulfamuron (Ref: IR5878),Not High,0,0,0,0,0,0,0.57259758,13.17124514,0,0.405712234,0,43.19667367,0,0,0
Chromafenozide (Ref: ANS 118),High,0,0,0,0,0,0,0.43547244,18.26992695,0,0.320840901,0,11.33678588,0,0,0
Amisulbrom,Not High,0,0,0,0,0,0,0.273339977,0.0,0,0.273339977,0,0.0,0,0,0
Chlorantraniliprole (Ref: DPX E2Y45),High,0,0,0,0,0,0,0.340014951,0.0,0,0.340014951,0,46.40375956,0,1,0
Pyridalyl (Ref: S-1812),High,0,0,0,0,0,0,0.261519711,5.261891555,0,0.261519711,0,23.20187978,0,0,0
Ipconazole (Ref: KNF 317),High,0,0,0,0,0,0,0.337646311,0.0,0,0.337646311,0,69.60563934,0,0,0
"2,3,3-trichloro-2-propene sulfonic acid",High,0,0,0,0,0,0,0.263667878,5.098681808,0,0.263667878,0,23.20187978,0,0,0
Orysastrobin,High,0,0,0,0,0,0,0.387031973,8.780830095,0,0.387031973,0,11.60093989,0,0,0
Cyflumetofen (Ref: OK-5101),Not High,0,0,0,0,0,0,0.246857443,0.0,0,0.246857443,0,0.0,0,0,0
Spinetoram (Ref: XDE 175),Not High,0,0,0,0,0,0,0.305745994,8.417796984,0,0.305745994,0,11.76188495,0,0,0
Chlorimuron-ethyl (Ref: DPX F6025),High,0,0,0,0,0,0,0.529073064,0.0,0,0.402378405,0,42.62551679,0,0,0
Ethametsulfuron-methyl (Ref: DPX-A7881),Not High,0,0,0,0,0,0,0.379571642,0.0,0,0.379571642,0,41.5214269,0,0,0
Cyclosulfamuron (Ref: BAS 710H),Not High,0,0,0,0,0,0,0.090672232,0.0,0,0.090672232,0,11.60093989,0,0,0
Pyrazosulfuron-ethyl (Ref: NC 311),Not High,0,0,0,0,0,0,0.090536192,0.0,0,0.090536192,0,11.60093989,0,0,0
Sulfometuron-methyl (Ref: DPX T5648),High,0,0,0,0,0,0,0.33031461,0.0,0,0.33031461,1,0.0,2,0,0
Trifloxysulfuron (Ref: CGA 292230),High,0,0,0,0,0,0,-0.012097335,0.0,0,0.012097335,0,22.59087063,0,0,0
Imazapic (Ref: AC 263222),High,0,0,0,0,0,0,0.309959341,0.0,0,0.309959341,0,0.0,2,0,0
Cloransulam-methyl (Ref: XDE 565),High,0,0,0,1,0,0,0.415953188,13.17124514,0,0.299496175,0,0.0,0,0,0
Diclosulam (Ref: XDE 564),Not High,0,0,0,0,0,0,0.360227396,0.0,0,0.360227396,0,11.33678588,0,0,0
Pyribenzoxim (Ref: LGC 40863 ),Not High,0,0,0,0,0,0,0.431271611,25.89425812,0,0.291878817,0,11.60093989,0,0,0
Flucarbazone-sodium (Ref: BAY MKH 6562),High,0,0,0,0,0,0,0.394239184,0.0,0,0.394239184,0,0.0,0,0,0
Dimethametryn (Ref: C 18898),High,0,0,0,0,0,0,0.282462072,5.098681808,0,0.282462072,0,23.20187978,0,0,0
Amicarbazone (Ref: BAY MKH 3586),High,0,0,0,0,0,0,0.166638123,0.0,0,0.166638123,0,92.80751912,2,0,0
Lactofen (Ref: PPG 844),Not High,0,0,0,0,0,0,0.416414444,13.17124514,0,0.35915796,0,11.60093989,0,0,0
Flumiclorac-pentyl (Ref: S 23031),High,0,0,0,1,0,0,0.300472765,0.0,0,0.300472765,0,0.0,0,0,0
Pentoxazone (Ref: KPP-314),Not High,0,0,0,0,0,0,0.341587276,0.0,0,0.32334113,0,7.595762327,0,0,0
Butafenacil (Ref: CGA 276854),Not High,0,0,0,0,0,0,0.380044484,0.0,0,0.380044484,0,6.718607232,0,0,0
Pyraclonil (Ref: NAI-1886),Not High,0,0,0,0,0,0,0.163244785,0.0,0,0.112941707,0,139.2112787,0,0,0
Benzofenap (Ref: MY 71),Not High,0,0,0,0,0,0,0.227981675,14.95193556,0,0.227981675,0,11.76188495,0,0,0
Benzobicyclon (Ref: SB 500),Not High,0,0,0,0,0,0,0.085659039,10.22850025,0,0.085659039,0,0.0,0,0,0
Thenylchlor (Ref: NSK 850),Not High,0,0,0,0,0,0,0.042595504,0.0,0,0.042595504,0,11.60093989,0,0,0
Naproanilide,Not High,0,0,0,0,0,0,0.132411328,0.0,0,0.132411328,0,0.0,0,0,0
Fentrazamide (Ref: BAY YRC 2388),High,0,0,0,0,0,0,0.06622664,0.0,0,0.06622664,0,0.0,0,0,0
Anilofos (Ref: HOE 30374),Not High,0,0,0,0,0,0,-0.018404251,0.0,0,0.018404251,0,0.0,0,0,0
Piperophos (Ref: C 19 490),Not High,0,0,0,0,0,0,0.221546655,0.0,0,0.221546655,0,0.0,0,0,0
Esprocarb (Ref: C 14526),High,0,0,0,0,0,0,0.302839557,0.0,0,0.302839557,0,0.0,0,0,0
Flupropanate-sodium (Ref: Orga 3045),High,0,0,0,0,0,0,0.307337784,0.0,0,0.307337784,0,0.0,0,0,0
Diflufenzopyr (Ref: HSDB 7010),Not High,0,0,0,0,0,0,0.341222123,0.0,0,0.341222123,0,0.0,0,0,0
Indanofan (Ref: MK 243),Not High,0,0,0,0,0,0,0.299684553,0.0,0,0.299684553,0,0.0,0,0,0
Cyphenothrin (Ref: S 2703),Not High,0,0,0,0,0,0,0.304531641,4.208898492,0,0.304531641,0,11.60093989,0,0,0
Fenobucarb (Ref: BAY 41367C),Not High,0,0,0,0,0,0,0.038370137,0.0,0,0.038370137,0,0.0,0,0,0
XMC (Ref: H 69),Not High,0,0,0,0,0,0,0.122898377,0.0,0,0.122898377,0,0.0,0,0,0
EPN (Ref: OMS 219),Not High,0,0,0,0,0,0,0.058714824,5.261891555,0,0.058714824,0,0.0,0,0,0
Cycloprothrin (Ref: OMS 3049),High,0,0,0,0,0,0,0.265685211,0.0,0,0.066421303,0,46.40375956,0,0,0
Benquinox (Ref: BAY 15080),Not High,0,0,0,0,0,0,0.155678092,0.0,0,0.155678092,0,0.0,2,0,0
Dichlormid,High,0,0,0,0,0,1,0.14129788,0.0,0,0.14129788,0,0.0,0,0,0
Diethyltoluamide,Not High,0,0,0,0,0,0,0.438868009,21.95207524,0,0.426818928,1,23.20187978,0,0,0
"1,2-dichloropropane (Ref: ENT 15406 )",High,0,0,0,0,0,0,0.265406356,0.0,0,0.265406356,0,11.53248661,0,0,0
Allidochlor (Ref: CP 6343),High,0,0,0,0,0,1,0.417441616,26.34249029,0,0.351632354,0,11.60093989,0,0,0
Aminocarb (Ref: BAY 44646),Not High,0,0,0,0,0,0,0.268502598,9.635431536,0,0.268502598,0,34.73436639,0,0,0
Chlorfenac,High,0,0,0,0,0,0,0.069719362,0.0,0,0.069719362,0,0.0,0,0,0
Dinotefuran (Ref: MTI 446),High,0,0,0,1,0,0,0.435121803,27.05075705,0,0.416848442,0,0.0,0,0,0
Etaconazole (Ref: CGA 64251 ),Not High,0,0,0,0,0,0,0.040220582,0.0,0,0.040220582,0,0.0,0,0,0
Flumetralin (Ref: CGA 41065),High,0,0,0,0,0,0,0.243316442,0.0,0,0.243316442,0,11.60093989,0,0,0
Nitrapyrin,Not High,0,0,0,0,0,0,0.12933995,0.0,0,0.12933995,0,0.0,0,0,0
Piperalin (Ref: HSDB 7058),Not High,0,0,0,0,0,0,0.2791584,0.0,1,0.2791584,0,0.0,0,0,0
Secbumeton,High,0,0,0,0,0,0,0.328691675,0.0,0,0.328691675,0,11.60093989,0,0,0
Edifenphos (Ref: BAY 78418),Not High,0,0,0,0,0,0,0.164575697,0.0,0,0.164575697,0,0.0,0,0,0
Oxpoconazole fumarate (Ref: UR 50302),Not High,0,0,0,0,0,0,-0.004902053,0.0,0,0.004902053,0,0.0,0,0,0
Iprobenfos,Not High,0,0,0,0,0,0,0.354829037,13.46263303,0,0.354829037,0,11.60093989,0,0,0
Furametpyr (Ref: S 82658),Not High,0,0,0,0,0,1,0.34409367,0.0,0,0.34409367,0,11.60093989,0,0,0
Thifluzamide (Ref: MON 24000),High,0,0,1,0,0,0,0.269195977,0.0,0,0.269195977,0,23.20187978,0,0,0
Penthiopyrad (Ref: MTF 753),Not High,0,0,0,0,0,0,0.116405283,0.0,0,0.116405283,0,0.0,0,0,1
Metominostrobin (Ref: SSF 126),High,0,0,0,0,0,1,0.269839627,4.983978521,0,0.269839627,0,12.21787344,0,0,0
Phthalide (Ref: BAY 96610),Not High,0,0,0,0,0,0,0.037775807,0.0,0,0.037775807,0,43.46082769,0,0,0
Fenoxanil (Ref: BAS 546F),Not High,0,0,0,0,0,0,0.282462072,5.098681808,0,0.282462072,0,0.0,0,0,0
Tecloftalam (Ref: SF 7402),High,0,0,0,0,0,0,-0.153391161,9.898914798,0,0.153391161,0,9.898914798,0,0,0
Diclomezine (Ref: F-850),Not High,0,0,0,0,0,0,0.330764713,0.0,0,0.330764713,0,0.0,3,0,0
Flumorph (Ref: SYP L190),Not High,0,0,0,0,0,0,0.338535834,5.257235394,0,0.301375313,0,0.0,0,0,0
Methasulfocarb (Ref: NK 191),Not High,0,0,0,0,0,0,-0.00980149,12.62878915,0,0.00980149,0,12.62878915,0,0,0
Fenchlorphos (Ref: Dow ET-14),Not High,0,0,0,0,0,0,0.012858598,0.0,0,0.012858598,0,31.8598878,0,0,0
Alpha-chlorohydrin (Ref: U 5897),High,0,0,0,0,0,0,0.228698104,14.95193556,0,0.228698104,0,11.60093989,0,0,0
Imiprothrin (Ref: S 41311),Not High,0,0,0,0,0,0,0.373016923,9.967957042,0,0.355879708,0,0.0,0,0,0
Iodomethane (Ref: TM 425),Not High,0,0,0,0,0,0,0.399781331,4.983978521,0,0.399781331,0,11.60093989,0,0,0
Lithium perfluorooctane sulfonate,High,0,0,0,0,0,0,0.324648674,0.0,0,0.324648674,0,34.69961072,0,0,0
Metofluthrin (Ref: S 1264),Not High,0,0,0,0,0,0,0.118938104,0.0,0,0.118938104,0,0.0,0,0,0
Pyrasulfotole (Ref: AE 0317309 ),Not High,0,0,0,0,0,0,0.39447845,0.0,0,0.39447845,0,0.0,0,0,0
Thiencarbazone-methyl (Ref: BYH 18636 ),Not High,0,0,0,0,0,2,0.168629983,0.0,0,0.168629983,0,0.0,0,0,0
T-oxanilic acid (Ref: MON 52766),High,0,0,0,0,0,0,0.341223621,0.0,0,0.341223621,0,34.80281967,0,0,0
Bixafen,High,0,0,0,0,0,0,0.335934025,0.0,0,0.335934025,0,0.0,0,0,0
Isobenzan (Ref: ENT 25545),High,0,0,0,0,0,0,0.335497283,9.967957042,0,0.335497283,0,0.0,0,0,0
Fluchloralin (Ref: BAS 392H),High,0,0,0,0,0,1,0.4328865,31.55699917,0,0.4328865,0,0.0,0,0,0
Nitralin (Ref: HSDB 789),High,0,0,0,0,0,0,0.336591924,14.95193556,0,0.336591924,0,22.59087063,0,0,0
Ampropylfos (Ref: PNL 62),Not High,0,0,0,0,0,0,0.337408514,14.95193556,0,0.337408514,0,0.0,0,0,0
Fensulfothion (Ref: ENT 24945),Not High,0,0,0,0,0,0,0.422194769,28.12318071,0,0.422194769,0,0.0,0,0,0
Chlordecone (Ref: ENT 16391),High,0,0,0,0,0,0,0.360226881,0.0,0,0.360226881,0,0.0,0,0,0
Mirex (Ref: GC 1283),High,0,0,0,0,0,0,0.449849487,13.17124514,0,0.409668639,0,23.20187978,0,0,0
Simetryn,High,0,0,0,0,0,0,0.475730989,8.417796984,0,0.160238087,0,0.0,0,0,0
Azobenzene (Ref: ENT 14611),Not High,0,0,0,0,0,0,0.380416629,0.0,0,0.380416629,0,6.718607232,0,0,0
3-chloroaniline,Not High,0,0,0,0,0,0,0.151463414,5.261891555,0,0.151463414,0,34.86055578,0,0,0
Cyclohexanone,High,0,0,0,0,0,0,0.100827341,0.0,1,0.100827341,0,0.0,0,0,0
Ethylene glycol,High,0,1,0,0,0,0,0.257704453,0.0,0,0.257704453,0,23.20187978,0,0,0
Naphthalene,Not High,0,0,0,0,0,0,0.344093682,0.0,0,0.344093682,0,11.60093989,0,0,0
"N,N-dimethyl capramide",Not High,0,0,0,0,0,0,0.341859875,9.967957042,0,0.341859875,0,0.0,0,0,0
Pelargonic acid,Not High,0,0,0,0,0,0,0.309956259,0.0,0,0.309956259,0,0.0,2,0,0
1-naphthylacetic acid,High,0,0,0,0,0,1,0.273795523,0.0,0,0.273795523,0,11.60093989,0,0,0
2-naphthyloxyacetic acid,High,0,0,0,1,0,0,0.296321985,0.0,0,0.219863058,0,69.60563934,0,0,0
Acetic acid,High,0,0,0,0,0,0,0.388171329,27.52961723,0,0.388171329,0,0.0,0,0,0
Diphenylamine,Not High,0,0,0,0,0,0,0.203436391,0.0,0,0.122062738,0,46.40375956,0,0,0
2-phenylphenol,Not High,0,0,0,0,0,0,0.104589173,0.0,0,0.104589173,0,23.20187978,0,0,0
"1,1,1-acetonitrile (Ref: USAF EK-488)",High,0,0,0,0,0,0,0.060618612,0.0,0,0.060618612,0,34.80281967,0,0,0
Carbon tetrachloride (Ref: ENT 4705),Not High,0,0,0,0,0,0,-0.070082308,0.0,0,0.070082308,0,0.0,2,0,0
Isophorone,Not High,0,0,0,0,0,0,0.070114395,0.0,0,0.070114395,0,0.0,0,0,0
8-hydroxyquinoline,Not High,0,0,0,0,0,0,0.031367979,0.0,0,0.031367979,0,0.0,0,0,0
Noviflumuron,High,0,0,0,0,0,0,0.221873564,0.0,0,0.221873564,0,0.0,0,0,0
"1,2-benzisothiazolin-3-one",Not High,0,0,0,0,0,0,0.25379882,14.59805822,0,0.25379882,0,0.0,0,0,0
Fluopyram,High,0,0,0,0,0,0,0.163289844,0.0,0,0.163289844,0,11.33678588,0,0,0
Isotianil (Ref: BYF1047),Not High,0,0,0,0,0,0,0.261736246,9.489096856,0,0.261736246,0,0.0,0,0,0
2-butoxyethanol (Ref: A13-0993),High,1,0,0,0,0,0,0.407548817,0.0,0,0.407548817,0,11.60093989,0,0,0
Pyroxasulfone (Ref: KIH-485),Not High,0,0,0,0,0,0,0.304118821,4.208898492,0,0.268096469,0,69.60563934,2,0,0
Ethanol,High,0,0,0,0,0,1,0.274037931,10.36057336,0,0.274037931,0,27.53088379,0,0,0
Propisochlor,Not High,0,0,0,0,0,0,0.282462072,5.098681808,0,0.282462072,0,0.0,0,0,0
Calcium carbide,Not High,0,0,0,0,0,0,0.355777615,0.0,0,0.355777615,0,11.60093989,0,0,0
Methyl nonyl ketone,Not High,0,0,0,0,0,1,0.432830954,18.4331367,0,0.251456996,0,0.0,0,0,0
Denatonium benzoate (Ref: ASU 90 820 P),High,0,0,0,0,0,0,0.314974045,0.0,0,0.314974045,0,0.0,1,0,0
Iron sulphate,High,0,0,0,0,0,0,0.226338055,0.0,0,0.226338055,1,0.0,0,0,0
3-chloroacrylic acid,High,0,0,0,0,0,0,0.270875495,5.098681808,0,0.270875495,0,11.60093989,0,0,0
"2,3.-dihydro-2,2-diemethyl-7-benzofuranol (Ref: NIA 10272 )",Not High,0,0,0,0,0,0,0.411838495,0.0,0,0.410355565,0,0.0,0,0,0
"2-chloro-5-(4-(difluoromethyl)-3-methyl-5-oxo-4,5-dihydro-1H-1,2,4-triazol-1-yl)-4-fluorobenzoic acid",High,0,0,0,0,0,0,0.309056401,0.0,0,0.309056401,0,0.0,0,0,0
Nitrofen (Ref: FW-925),Not High,0,0,0,0,1,0,0.094437047,0.0,0,0.094437047,0,11.60093989,0,0,0
Acetaldehyde,High,0,0,0,0,0,0,0.092143236,0.0,0,0.092143236,0,0.0,0,0,0
Pyributicarb (Ref: TSH-888),Not High,0,0,0,0,0,1,0.340722856,0.0,0,0.340722856,0,0.0,0,0,0
Dibromochloropropane (Ref: OS1897),High,0,0,1,0,0,0,0.270570702,0.0,0,0.270570702,0,23.20187978,0,0,0
Isopyrazam (Ref: SYN 520453),High,0,0,0,0,0,0,0.160260306,0.0,0,0.160260306,0,0.0,1,0,0
Phosphane,Not High,0,0,0,0,0,0,0.070746511,0.0,0,0.070746511,0,0.0,1,0,0
S-methoprene (Ref: SAN 810),Not High,0,0,0,0,0,0,-0.013364981,0.0,0,0.013364981,0,0.0,4,0,0
Barium polysulphide,High,0,0,0,0,0,0,-0.01489222,0.0,0,0.01489222,0,0.0,2,0,0
Peroxyacetic acid,High,0,0,0,0,0,0,-0.021882053,0.0,0,0.021882053,0,0.0,0,0,0
Butanethiol,Not High,0,0,0,0,0,0,0.325570887,0.0,0,0.325570887,0,11.60093989,0,0,0
Chlorthion (Ref: BAY 22/190 ),Not High,1,0,0,0,0,0,0.407548817,0.0,0,0.407548817,0,11.33678588,0,0,0
Ferric phosphate,Not High,0,0,0,0,0,0,0.418857958,13.17124514,0,0.418857958,0,0.0,0,0,0
Sodium hypochlorite,High,0,0,0,0,0,0,0.338732717,0.0,0,0.338732717,0,7.595762327,0,0,0
2-hydroxy-terbuthylazine (Ref: GS 23158),High,0,0,0,0,0,0,0.294286983,25.25339095,0,0.294286983,0,0.0,0,0,0
Metamifop (Ref: DBH-129),Not High,0,0,0,0,0,1,0.343809633,4.983978521,0,0.343809633,0,34.80281967,0,0,0
Fluthiacet-methyl (Ref: CGA 248757),Not High,0,0,0,0,0,1,0.341291581,4.983978521,0,0.341291581,0,34.80281967,0,0,0
Metolachlor oxanilic acid (Ref: CGA 51202),High,0,0,0,0,0,1,0.255280558,0.0,0,0.255280558,0,11.60093989,0,0,0
Leptophos (Ref: OMS 1438 ),Not High,0,0,0,0,0,0,0.236371091,0.0,0,0.236371091,0,11.60093989,0,0,0
Paraquat dichloride,High,0,0,0,0,0,1,0.224340249,0.0,0,0.224340249,0,11.60093989,0,0,0
Potassium iodide,Not High,0,0,0,0,0,0,0.160498033,0.0,0,0.160498033,0,0.0,1,0,0
"2,4,5-trichlorophenoxyacetic acid",High,0,0,0,0,0,0,0.23841836,4.681802935,0,0.23841836,0,0.0,0,0,0
Diquat,High,0,0,0,0,0,0,0.336590642,14.95193556,0,0.336590642,0,0.0,0,0,0
P-nonylphenol,Not High,0,0,0,0,0,0,0.090531375,5.261891555,0,0.090531375,0,0.0,1,0,0
Propamocarb (Ref: SN 39744),Not High,0,0,0,0,0,0,0.335179726,5.261891555,0,0.335179726,0,0.0,0,0,0
Flupoxam (Ref: MON 18500),Not High,0,0,0,0,0,1,0.033546955,0.0,0,0.033546955,0,0.0,0,0,0
Asulam (Ref: M&B 9057),High,0,0,0,0,0,0,0.691536564,0.0,0,0.133530685,0,8.254871229,0,0,0
Bensulfuron (Ref: IN R9419),Not High,0,0,0,0,0,0,0.415953049,18.4331367,0,0.415953049,0,23.5237699,1,0,0
Flupyrsulfuron,Not High,0,0,0,0,0,0,0.434670272,18.26992695,0,0.386674608,0,11.33678588,0,0,0
Iodosulfuron,High,0,0,0,0,0,1,0.332527874,0.0,0,0.332527874,0,11.60093989,0,1,0
Tribenuron (Ref: IN R9803),High,0,0,0,0,0,0,0.282462072,5.098681808,0,0.282462072,0,23.20187978,1,0,0
Triflusulfuron,High,0,0,0,0,0,0,0.25300836,0.0,0,0.25300836,0,0.0,0,0,0
Propoxycarbazone,High,0,0,0,0,0,1,0.355657576,0.0,0,0.355657576,0,23.20187978,0,0,0
Fenchlorazole-ethyl (Ref: HOE 070542),Not High,0,0,0,0,0,1,0.35781892,0.0,0,0.35781892,0,23.20187978,0,0,0
Sulfuryl fluoride,High,0,0,0,0,0,1,0.274060328,5.098681808,0,0.274060328,0,55.06176758,0,0,0
Tebupirimfos (Ref: BAY MAT 7484),High,0,0,0,0,0,1,0.345395048,0.0,0,0.345395048,0,0.0,0,0,0
2-(thiocyanomethylthio)benzothiazole,Not High,0,0,0,0,0,0,0.243316628,0.0,0,0.243316628,0,11.60093989,1,0,0
Ecolyst (Ref: HSDB 7282),High,0,0,0,0,0,0,0.272300769,0.0,0,0.272300769,0,0.0,0,0,0
Cloprop,Not High,0,0,0,0,0,0,0.262824733,0.0,0,0.262824733,0,0.0,0,0,0
Dimethrin (Ref: ENT 21170 ),Not High,0,0,0,0,0,1,0.335216466,5.098681808,0,0.335216466,0,27.53088379,0,0,0
Nitenpyram (Ref: CGA 246916),High,0,0,0,0,0,0,0.261906332,0.0,0,0.261906332,0,11.33678588,0,0,0
Primisulfuron methyl (Ref: CGA 136872),Not High,0,0,0,0,0,0,-0.007925326,0.0,0,0.007925326,0,21.58779595,0,0,0
Potassium bicarbonate,High,0,0,0,0,0,1,0.355612413,0.0,0,0.355612413,0,23.20187978,0,0,0
"1,1,1,2-tetrachloroethane (Ref: HSDB 4148)",Not High,0,0,0,1,0,0,0.30101738,8.780830095,0,0.232132944,0,22.93772577,1,0,0
"1,1-dichloroethane",High,0,0,0,0,0,0,0.370874367,8.780830095,0,0.370874367,0,0.0,0,0,0
"1,2,3-trichloropropane (Ref: NSC 35403)",Not High,0,0,0,0,0,0,0.338978296,0.0,0,0.338978296,0,0.0,0,0,0
"1,3-butadiene",Not High,0,0,0,0,0,0,0.335318196,0.0,0,0.335318196,0,0.0,0,0,0
"1,4-dioxane",High,0,0,0,0,0,0,0.326018094,0.0,0,0.326018094,0,0.0,0,0,0
"4,4-methylenedianiline",Not High,0,0,0,0,0,0,0.328189286,0.0,0,0.328189286,0,0.0,0,0,0
N-methyl-2-pyrrolidone,Not High,0,0,0,0,0,0,0.411839586,0.0,0,0.410282817,0,12.40703316,0,0,0
N-nitrosodimethylamine,High,0,0,0,0,0,1,0.315813802,4.567099648,0,0.315813802,0,0.0,0,0,0
Ametoctradin (Ref: BAS 650F),Not High,0,0,0,0,0,0,0.341223609,0.0,0,0.341223609,0,23.20187978,0,0,0
Methiozolin (Ref: MRC-01),Not High,0,0,0,0,0,0,0.354828821,13.46263303,0,0.354828821,0,23.20187978,0,0,0
Penflufen (Ref: BYF-14182),High,0,0,0,0,0,1,0.256744409,0.0,0,0.256744409,0,11.60093989,0,0,0
Valifenalate (Ref: IR5885),Not High,0,0,0,0,0,0,0.165795171,0.0,0,0.165795171,0,12.21787344,0,0,0
Alpha-endosulfan,High,0,0,0,0,0,0,0.34565446,0.0,0,0.34565446,0,11.33678588,0,0,0
Cyantraniliprole (Ref: DPX-HGW86),Not High,0,0,0,0,0,0,0.345654459,0.0,0,0.345654459,0,11.33678588,0,0,0
Indaziflam,High,0,0,0,0,0,0,0.310744805,5.261891555,0,0.310744805,0,31.8598878,0,0,0
Propyrisulfuron,Not High,0,0,0,0,0,1,0.332148189,0.0,0,0.332148189,0,0.0,0,2,0
Sedaxane,High,0,0,0,0,0,0,0.282463435,5.098681808,0,0.274509587,0,34.80281967,0,0,0
Aminocyclopyrachlor (Ref: DPX-MAT28),High,0,0,0,0,0,0,0.435445111,39.51373543,0,0.320329582,0,15.9299439,0,0,0
Sulfoxaflor (Ref: DE-208),High,0,0,0,0,0,1,0.3584361,0.0,0,0.3584361,0,23.20187978,0,0,0
Gibberellins,High,0,0,0,0,0,0,0.416419363,18.26992695,0,0.416419363,0,11.60093989,0,0,0
Cycloheximide,High,0,0,0,0,0,0,0.323145085,8.417796984,0,0.323145085,0,0.0,1,0,0
Tolfenpyrad (Ref: OMI 88),Not High,0,0,0,0,0,0,0.309606502,0.0,0,0.309606502,0,0.0,0,0,0
Prohexadione,Not High,0,0,0,0,0,0,0.346538616,0.0,0,0.346538616,0,23.20187978,0,0,0
Isolan (Ref: ENT 19060),High,0,0,0,0,0,0,0.200859013,0.0,0,0.084344127,0,58.00469945,0,0,0
Metolcarb,High,0,0,0,0,0,0,0.200913599,0.0,0,0.084344127,0,58.00469945,0,0,0
Lime sulphur,High,0,0,0,0,0,0,0.354100105,5.101407526,0,0.354100105,0,23.20187978,0,0,0
Urea,High,0,0,0,0,0,0,0.273603231,0.0,0,0.273603231,0,11.76188495,0,0,0
1-naphthylacetamide,High,0,0,0,0,0,0,0.309107406,0.0,0,0.309107406,0,0.0,0,1,0
Zinc phosphide,Not High,0,0,0,0,0,1,0.417380376,13.17124514,0,0.417380376,0,23.20187978,0,0,0
Epichlorohydrin,Not High,0,0,0,0,0,0,0.282577987,9.489096856,0,0.282577987,0,11.60093989,0,0,0
Medetomidine,High,0,0,0,0,0,1,0.454882791,28.32832473,0,0.35504408,0,11.60093989,0,0,0
Oxolinic acid,High,0,0,0,0,0,1,0.328147972,0.0,0,0.328147972,0,0.0,0,0,0
Thymol,Not High,0,0,0,0,0,1,0.184495241,0.0,0,0.184495241,0,0.0,0,0,0
Sulphanilamide,Not High,0,0,0,0,0,0,0.36771119,9.36360587,0,0.36771119,0,11.60093989,0,0,0
Niclosamide (Ref: ENT 25823 ),Not High,0,0,0,0,0,0,0.091764584,0.0,1,0.091764584,0,11.60093989,0,0,0
Fluxapyroxad (Ref: BAS 700F),High,0,0,0,0,0,0,0.323172722,0.0,0,0.323172722,0,0.0,0,0,0
3-(difluoromethyl)-1-methyl-1H-pyrazole-4-carboxylic acid (Ref: M700F001),High,0,0,0,0,0,0,0.282460093,5.098681808,0,0.282460093,0,0.0,0,0,0
2-(trifluoromethyl)benzoic acid,Not High,0,0,0,0,0,0,0.48251682,8.780830095,0,0.422896836,0,12.21787344,0,0,0
Eugenol,Not High,0,0,0,0,0,0,0.29256542,0.0,0,0.29256542,0,0.0,0,0,0
Fenpyrazamine (Ref: S-2188),Not High,0,0,0,0,0,0,0.25402076,0.0,0,0.25402076,0,23.20187978,0,0,0
Alpha-terpinoline,Not High,0,0,0,0,0,0,0.316989909,0.0,2,0.316989909,0,7.595762327,0,0,0
Alpha-pinene,Not High,0,0,0,0,0,0,0.338732717,0.0,0,0.338732717,0,7.595762327,0,0,0
Para-cymene,Not High,0,0,0,0,0,0,0.338732717,0.0,0,0.338732717,0,7.595762327,0,0,0
Diethatyl ethyl (Ref: BAY NNT 6867),Not High,0,0,0,0,0,0,0.572639399,0.0,0,0.466861461,0,0.0,0,0,0
Phenylmercuric acetate,High,0,0,0,0,0,0,0.360227396,0.0,0,0.360227396,0,11.33678588,0,0,0
Benthiavalicarb-isopropyl (Ref: KIF-230),Not High,0,0,0,0,0,1,0.355698127,0.0,0,0.355698127,0,34.80281967,0,0,0
(RS)-2-(4-fluoro-3-trifluoromethylphenoxy)butanoic acid (Ref: UR-50604),High,0,0,0,0,0,1,0.355698127,0.0,0,0.355698127,0,34.80281967,0,0,0
"3,5-di-bromo-4-hydroxybenzoic acid",Not High,0,0,0,0,0,0,0.302839557,0.0,0,0.302839557,0,0.0,0,0,0
Metam-potassium,High,0,0,0,0,0,1,0.417380376,13.17124514,0,0.417380376,0,11.60093989,0,0,0
Glyphosate-isopropylamine (Ref: MON 0139),Not High,0,0,0,0,0,1,0.417444175,13.17124514,0,0.382462884,0,11.60093989,0,0,0
Glyphosate-monopotassium,Not High,0,0,0,0,0,0,0.115444834,0.0,0,0.115444834,0,11.60093989,0,0,0
Triclopyr-butotyl,Not High,0,0,0,0,0,2,0.328065864,10.52378311,0,0.328065864,0,22.67357176,0,0,0
Triclopyr-triethylammonium,High,0,0,0,0,0,0,0.197242619,0.0,1,0.197242619,0,7.36882753,0,0,0
