NAME,Experimental RT,SMILES,MaxAbsEStateIndex,MaxEStateIndex,MinAbsEStateIndex,MinEStateIndex,qed,SPS,MolWt,HeavyAtomMolWt,ExactMolWt,NumValenceElectrons,NumRadicalElectrons,MaxPartialCharge,MinPartialCharge,MaxAbsPartialCharge,MinAbsPartialCharge,FpDensityMorgan1,FpDensityMorgan2,FpDensityMorgan3,BCUT2D_MWHI,BCUT2D_MWLOW,BCUT2D_CHGHI,BCUT2D_CHGLO,BCUT2D_LOGPHI,BCUT2D_LOGPLOW,BCUT2D_MRHI,BCUT2D_MRLOW,AvgIpc,BalabanJ,BertzCT,Chi0,Chi0n,Chi0v,Chi1,Chi1n,Chi1v,Chi2n,Chi2v,Chi3n,Chi3v,Chi4n,Chi4v,HallKierAlpha,Ipc,Kappa1,Kappa2,Kappa3,LabuteASA,PEOE_VSA1,PEOE_VSA10,PEOE_VSA11,PEOE_VSA12,PEOE_VSA13,PEOE_VSA14,PEOE_VSA2,PEOE_VSA3,PEOE_VSA4,PEOE_VSA5,PEOE_VSA6,PEOE_VSA7,PEOE_VSA8,PEOE_VSA9,SMR_VSA1,SMR_VSA10,SMR_VSA2,SMR_VSA3,SMR_VSA4,SMR_VSA5,SMR_VSA6,SMR_VSA7,SMR_VSA8,SMR_VSA9,SlogP_VSA1,SlogP_VSA10,SlogP_VSA11,SlogP_VSA12,SlogP_VSA2,SlogP_VSA3,SlogP_VSA4,SlogP_VSA5,SlogP_VSA6,SlogP_VSA7,SlogP_VSA8,SlogP_VSA9,TPSA,EState_VSA1,EState_VSA10,EState_VSA11,EState_VSA2,EState_VSA3,EState_VSA4,EState_VSA5,EState_VSA6,EState_VSA7,EState_VSA8,EState_VSA9,VSA_EState1,VSA_EState10,VSA_EState2,VSA_EState3,VSA_EState4,VSA_EState5,VSA_EState6,VSA_EState7,VSA_EState8,VSA_EState9,FractionCSP3,HeavyAtomCount,NHOHCount,NOCount,NumAliphaticCarbocycles,NumAliphaticHeterocycles,NumAliphaticRings,NumAromaticCarbocycles,NumAromaticHeterocycles,NumAromaticRings,NumHAcceptors,NumHDonors,NumHeteroatoms,NumRotatableBonds,NumSaturatedCarbocycles,NumSaturatedHeterocycles,NumSaturatedRings,RingCount,MolLogP,MolMR,fr_Al_COO,fr_Al_OH,fr_Al_OH_noTert,fr_ArN,fr_Ar_COO,fr_Ar_N,fr_Ar_NH,fr_Ar_OH,fr_COO,fr_COO2,fr_C_O,fr_C_O_noCOO,fr_C_S,fr_HOCCN,fr_Imine,fr_NH0,fr_NH1,fr_NH2,fr_N_O,fr_Ndealkylation1,fr_Ndealkylation2,fr_Nhpyrrole,fr_SH,fr_aldehyde,fr_alkyl_carbamate,fr_alkyl_halide,fr_allylic_oxid,fr_amide,fr_amidine,fr_aniline,fr_aryl_methyl,fr_azide,fr_azo,fr_barbitur,fr_benzene,fr_benzodiazepine,fr_bicyclic,fr_diazo,fr_dihydropyridine,fr_epoxide,fr_ester,fr_ether,fr_furan,fr_guanido,fr_halogen,fr_hdrzine,fr_hdrzone,fr_imidazole,fr_imide,fr_isocyan,fr_isothiocyan,fr_ketone,fr_ketone_Topliss,fr_lactam,fr_lactone,fr_methoxy,fr_morpholine,fr_nitrile,fr_nitro,fr_nitro_arom,fr_nitro_arom_nonortho,fr_nitroso,fr_oxazole,fr_oxime,fr_para_hydroxylation,fr_phenol,fr_phenol_noOrthoHbond,fr_phos_acid,fr_phos_ester,fr_piperdine,fr_piperzine,fr_priamide,fr_prisulfonamd,fr_pyridine,fr_quatN,fr_sulfide,fr_sulfonamd,fr_sulfone,fr_term_acetylene,fr_tetrazole,fr_thiazole,fr_thiocyan,fr_thiophene,fr_unbrch_alkane,fr_urea
Nicotinamide,1.7,NC(=O)c1cccnc1,10.383148148148148,10.383148148148148,0.4415740740740739,-0.4415740740740739,0.5772627921564857,8.88888888888889,122.12699999999997,116.079,122.048012812,46,0,0.2497619496515242,-0.36555064039965735,0.36555064039965735,0.2497619496515242,1.6666666666666667,2.4444444444444446,2.7777777777777777,16.146291381867304,10.272056920806532,1.9437386463068345,-1.8828148839948537,1.907963817412707,-2.0997622651802295,5.917460405424664,0.0999728357080012,1.9003726279897948,2.981454614041131,207.5576620543373,6.69023444431199,4.7422132319119505,4.7422132319119505,4.304530452640311,2.5032139951773598,2.5032139951773598,1.6059511696427042,1.6059511696427042,0.9460547340291837,0.9460547340291837,0.5085121970419809,0.5085121970419809,-1.38,129.22533870330605,5.751233595800525,2.2593342006647616,1.2528322001978998,52.51740601189656,5.733667477162185,0.0,0.0,5.907179729351506,0.0,0.0,9.77851570501903,0.0,0.0,0.0,0.0,12.13273413692322,12.393687143226153,5.563451491696996,4.794537184071822,5.907179729351506,0.0,4.9839785209472085,5.733667477162185,0.0,0.0,30.08987277184637,0.0,0.0,5.733667477162185,0.0,0.0,0.0,10.891158250298714,0.0,0.0,10.357988675768818,24.526421280149375,0.0,0.0,0.0,55.980000000000004,5.907179729351506,4.794537184071822,0.0,0.0,5.563451491696996,0.0,6.196843571613076,18.3295777085363,0.0,4.9839785209472085,5.733667477162185,0.0,0.0,14.08824074074074,0.0,5.376944444444445,-0.4415740740740739,3.2871296296296295,3.0225925925925923,0.0,0.0,0.0,9,2,3,0,0,0,0,1,1,2,1,3,1,0,0,0,1,0.18050000000000016,32.7549,0,0,0,0,0,1,0,0,0,0,1,1,0,0,0,1,0,1,0,0,0,0,0,0,0,0,0,1,0,0,0,0,0,0,0,0,0,0,0,0,0,0,0,0,0,0,0,0,0,0,0,0,0,0,0,0,0,0,0,0,0,0,0,0,0,0,0,0,0,0,0,1,0,1,0,0,0,0,0,0,0,0,0,0,0
Glucose,1.84,OC[C@@H](O)[C@@H](O)[C@H](O)[C@@H](O)C=O,9.896426209372638,9.896426209372638,0.025774754346183038,-1.7873611111111114,0.28163781073046734,21.083333333333332,180.156,168.05999999999997,180.063388104,72,0,0.1507548295166195,-0.39357913291077384,0.39357913291077384,0.1507548295166195,1.0833333333333333,1.5833333333333333,1.9166666666666667,16.38943104556976,10.046436015003836,2.288811228254965,-2.219333915851844,2.0239645836161593,-2.458291756082712,5.562220399373285,-0.1359364380504993,2.1228001749259824,4.070579536848795,138.0,9.723614639131599,6.23817439509833,6.23817439509833,5.540111220059325,3.3263072091981956,3.3263072091981956,2.3577820542431085,2.3577820542431085,1.4205301194696338,1.4205301194696338,0.6181226000118402,0.6181226000118402,-0.53,358.753229562491,11.47,5.175013037303056,2.8388089924448727,68.69665246083639,30.327174158275348,24.41586555099321,6.286160523129555,0.0,0.0,0.0,0.0,0.0,0.0,0.0,0.0,0.0,0.0,6.606881964512918,30.327174158275348,6.286160523129555,0.0,0.0,0.0,24.41586555099321,6.606881964512918,0.0,0.0,0.0,0.0,0.0,0.0,0.0,62.8415450128392,4.794537184071822,0.0,0.0,0.0,0.0,0.0,0.0,118.22,31.022747515506126,4.794537184071822,0.0,6.286160523129555,0.0,0.0,0.0,0.0,0.0,0.0,25.532636974203527,0.0,0.0,9.896426209372638,43.53638652683296,0.0,0.0,0.0,-6.8393641345427065,-0.7601152683295536,0.0,0.8333333333333334,12,5,6,0,0,0,0,0,0,6,5,6,5,0,0,0,0,-3.3788,37.177,0,5,5,0,0,0,0,0,0,0,1,1,0,0,0,0,0,0,0,0,0,0,0,1,0,0,0,0,0,0,0,0,0,0,0,0,0,0,0,0,0,0,0,0,0,0,0,0,0,0,0,0,0,0,0,0,0,0,0,0,0,0,0,0,0,0,0,0,0,0,0,0,0,0,0,0,0,0,0,0,0,0,0,0,0
Raffinose,9.17,OC[C@H]1O[C@H](OC[C@H]2O[C@H](O[C@]3(CO)O[C@H](CO)[C@@H](O)[C@@H]3O)[C@H](O)[C@@H](O)[C@@H]2O)[C@H](O)[C@@H](O)[C@H]1O,10.275905151763286,10.275905151763286,0.634005102040816,-2.357986089095623,0.1464320471816625,52.14705882352941,504.43800000000005,472.1820000000003,504.1690349439998,200,0,0.22355033369268296,-0.3935665150995826,0.3935665150995826,0.22355033369268296,0.5882352941176471,1.1176470588235294,1.6470588235294117,16.810698562580253,9.978818282891755,2.5816567135173494,-2.4422062051738505,2.3582309976333726,-2.6335119349102043,4.983549675326235,-0.38764736097088953,3.076891327309638,1.6897643338729131,653.442936810205,25.36951453014407,17.79457162703018,17.79457162703018,16.005274041423256,10.561420393768103,10.561420393768103,8.407419181420153,8.407419181420153,6.163587884788488,6.163587884788488,4.012947554471216,4.012947554471216,-0.64,25232862.705804422,27.93949519870601,11.177095949776236,5.08976591342448,192.23007093367468,79.85611611224802,73.75051222974423,12.580053458670426,5.7871111525705965,0.0,0.0,0.0,0.0,0.0,0.0,0.0,0.0,0.0,19.820645893538753,79.85611611224802,0.0,0.0,0.0,0.0,85.51079487647235,26.427527858051672,0.0,0.0,0.0,0.0,0.0,0.0,0.0,168.11012407777176,23.684314769000245,0.0,0.0,0.0,0.0,0.0,0.0,268.67999999999995,111.93832273452401,56.17180134324775,0.0,0.0,0.0,0.0,0.0,0.0,0.0,0.0,23.684314769000245,26.444941699023936,0.0,0.0,108.90761673000611,0.0,-2.357986089095623,0.0,-21.77102559964048,-3.1402134069605827,0.0,1.0,34,11,16,0,3,3,0,0,0,16,11,16,8,0,3,3,3,-7.571399999999989,101.27480000000001,0,11,11,0,0,0,0,0,0,0,0,0,0,0,0,0,0,0,0,0,0,0,0,0,0,0,0,0,0,0,0,0,0,0,0,0,0,0,0,0,0,5,0,0,0,0,0,0,0,0,0,0,0,0,0,0,0,0,0,0,0,0,0,0,0,0,0,0,0,0,0,0,0,0,0,0,0,0,0,0,0,0,0,0,0
Adenine,4.71,Nc1ncnc2nc[nH]c12,5.478287037037037,5.478287037037037,0.4328703703703709,0.4328703703703709,0.5296759293780585,10.4,135.13,130.09,135.05449516,50,0,0.18224073593451773,-0.381798268399509,0.381798268399509,0.18224073593451773,1.3,2.2,3.0,15.021487717837115,10.504287595540557,1.9857122740093924,-1.8877931633851828,2.085580947125495,-1.912359028485203,5.796880483226038,1.2065067040486142,2.3571021521226503,2.950090305322589,351.5657969317911,6.974691494688164,5.073691594068751,5.073691594068751,4.877010097711744,2.772767331681046,2.772767331681046,1.8600526094256096,1.8600526094256096,1.2523096503295763,1.2523096503295763,0.783746194421902,0.783746194421902,-1.6500000000000004,372.42214003537873,5.159860161857645,1.6629234524260401,0.5397705083562873,56.32106271209872,10.717645998109393,11.844020792380803,11.465039998602755,0.0,0.0,0.0,0.0,14.951935562841626,0.0,0.0,0.0,0.0,0.0,6.3273200747645415,0.0,16.981740716219015,0.0,19.935914083788834,0.0,0.0,5.733667477162185,12.654640149529083,0.0,0.0,5.733667477162185,5.817862777835028,0.0,0.0,19.935914083788834,0.0,0.0,0.0,12.654640149529083,0.0,11.16387793838399,0.0,80.47999999999999,0.0,0.0,0.0,0.0,16.981740716219015,0.0,12.654640149529083,0.0,0.0,19.935914083788834,5.733667477162185,0.0,0.0,14.363101851851853,0.0,6.779212962962964,0.4328703703703709,0.0,2.9248148148148148,0.0,0.0,0.0,10,3,5,0,0,0,0,2,2,4,2,5,0,0,0,0,2,-0.0648999999999999,36.0961,0,0,0,1,0,4,1,0,0,0,0,0,0,0,0,3,1,1,0,0,0,1,0,0,0,0,0,0,0,1,0,0,0,0,0,0,1,0,0,0,0,0,0,0,0,0,0,1,0,0,0,0,0,0,0,0,0,0,0,0,0,0,0,0,0,0,0,0,0,0,0,0,0,0,0,0,0,0,0,0,0,0,0,0,0
Threonine,8.21,C[C@@H](O)[C@H](N)C(O)=O,9.85574074074074,9.85574074074074,0.9791666666666667,-1.1805555555555556,0.42509560262695134,17.375,119.11999999999999,110.04799999999999,119.058243148,48,0,0.32266366773949673,-0.4800132023099517,0.4800132023099517,0.32266366773949673,1.75,2.125,2.125,16.37146680880959,10.19470849442005,2.1566906789597744,-2.064945541435154,1.8536490115328135,-2.3934500225977664,5.732181146355902,-0.14037845905718618,1.6403360647604435,3.6376825478398387,91.28421251514428,6.732050807568877,4.5347262890326565,4.5347262890326565,3.5534180126147956,2.2186219031801775,2.2186219031801775,1.6046245126325556,1.6046245126325556,0.8048726142168625,0.8048726142168625,0.20633934529981277,0.20633934529981277,-0.6100000000000001,39.36806555425064,7.39,2.637269224813579,1.9020806561183323,46.92395767246788,15.946722266843596,6.041840829147961,0.0,0.0,0.0,5.969305287951849,4.794537184071822,0.0,0.0,0.0,0.0,6.923737199690624,0.0,6.103966387748303,15.007591973753232,5.969305287951849,0.0,0.0,5.733667477162185,19.069544416586886,0.0,0.0,0.0,0.0,5.733667477162185,0.0,0.0,0.0,28.32816729452952,4.794537184071822,0.0,6.923737199690624,0.0,0.0,0.0,0.0,83.55000000000001,18.115112504848113,4.794537184071822,0.0,0.0,0.0,0.0,6.923737199690624,0.0,0.0,0.0,15.946722266843596,0.0,0.0,9.85574074074074,16.55287037037037,4.909722222222222,-1.1805555555555556,-1.157407407407408,-0.9791666666666667,1.3321296296296297,0.0,0.75,8,4,4,0,0,0,0,0,0,3,3,4,2,0,0,0,0,-1.2208999999999997,27.291999999999994,1,1,1,0,0,0,0,0,1,1,1,0,0,0,0,0,0,1,0,0,0,0,0,0,0,0,0,0,0,0,0,0,0,0,0,0,0,0,0,0,0,0,0,0,0,0,0,0,0,0,0,0,0,0,0,0,0,0,0,0,0,0,0,0,0,0,0,0,0,0,0,0,0,0,0,0,0,0,0,0,0,0,0,0,0
Arginine,9.53,N[C@@H](CCCNC(N)=N)C(O)=O,10.215000314940792,10.215000314940792,0.11213293650793621,-1.0020138888888888,0.2002751368104355,12.083333333333334,174.204,160.09199999999998,174.111675688,70,0,0.31996851078193783,-0.48008644077399965,0.48008644077399965,0.31996851078193783,1.6666666666666667,2.25,2.6666666666666665,16.367547373710128,10.155322520121212,2.09073102904787,-2.0581264453965216,1.9188753241743353,-2.3366824050704254,5.739347525719793,-0.1381995455757093,1.9663276882372422,3.3118352065890755,170.93102051518318,9.560477932315068,6.708833037092342,6.708833037092342,5.5365812602091875,3.600216226562007,3.600216226562007,2.427411095362517,2.427411095362517,1.324552902001757,1.324552902001757,0.6685076942623803,0.6685076942623803,-1.3,312.6461024297215,10.7,5.363379355687048,5.482229779997874,70.43471202895064,21.89065095317141,6.041840829147961,5.959554568743835,0.0,0.0,5.969305287951849,10.203820789863343,0.0,0.0,0.0,0.0,12.841643245852019,6.544756405912575,0.0,9.901064578912528,11.928859856695684,5.409283605791522,5.316788604006331,11.46733495432437,18.88348407499998,6.544756405912575,0.0,0.0,0.0,16.784123558330702,0.0,0.0,0.0,29.621984486596922,4.794537184071822,5.409283605791522,12.841643245852019,0.0,0.0,0.0,0.0,125.22,12.011146117099809,4.794537184071822,0.0,5.959554568743835,19.386399651764595,0.0,0.0,0.0,0.0,5.316788604006331,21.983145954956598,0.0,0.0,10.215000314940792,17.71424319727891,10.214849458301838,-1.114146825396825,-0.8205942932728651,0.9748611111111112,0.48245370370370355,0.0,0.6666666666666666,12,7,6,0,0,0,0,0,0,3,5,6,5,0,0,0,0,-1.338429999999999,44.762000000000015,1,0,0,0,0,0,0,0,1,1,1,0,0,0,0,0,2,2,0,0,0,0,0,0,0,0,0,0,0,0,0,0,0,0,0,0,0,0,0,0,0,0,0,1,0,0,0,0,0,0,0,0,0,0,0,0,0,0,0,0,0,0,0,0,0,0,0,0,0,0,0,0,0,0,0,0,0,0,0,0,0,0,0,1,0
Methionine,7.37,CSCC[C@H](N)C(O)=O,10.070883408919123,10.070883408919123,0.5520833333333333,-0.9129166666666662,0.596996208092774,13.11111111111111,149.215,138.12699999999998,149.051049592,54,0,0.31999919762538026,-0.4800860693347356,0.4800860693347356,0.31999919762538026,1.8888888888888888,2.4444444444444446,2.7777777777777777,32.16636276872169,10.242435219636976,2.0841493276126606,-2.017359573111817,1.972373675817625,-2.298889185539612,7.980973217881285,-0.138048778095103,1.822759080813784,3.2659073992264416,96.95878455585176,7.276020881938894,5.332624277180031,6.149120858107757,4.180739212552622,2.654911126432596,4.048757976549948,1.7262051547045376,2.711803714358026,0.9501769166385938,1.5941274674979724,0.3682933645762833,0.8579295186575113,-0.22000000000000003,80.20139955580649,8.779999999999998,4.6392732499312475,4.294138817480717,58.61777606003371,10.84019487200289,6.041840829147961,0.0,0.0,0.0,5.969305287951849,4.794537184071822,0.0,11.761884949391115,0.0,0.0,18.429444413184203,0.0,0.0,9.901064578912528,17.731190237342965,0.0,0.0,5.733667477162185,12.462662452073971,12.008622790258194,0.0,0.0,0.0,5.733667477162185,0.0,0.0,11.761884949391115,29.12629630219871,4.794537184071822,0.0,6.4208216229260096,0.0,0.0,0.0,0.0,63.32,12.011146117099809,4.794537184071822,0.0,0.0,6.4208216229260096,5.752853606746789,0.0,11.761884949391115,6.255769183511404,0.0,10.84019487200289,0.0,1.6040277777777776,10.070883408919123,8.274364134542706,5.189675925925926,-0.09995370370370316,-0.6829166666666671,2.477252456538171,0.0,0.0,0.8,9,3,3,0,0,0,0,0,0,3,2,4,4,0,0,0,0,0.1513999999999998,38.61019999999999,1,0,0,0,0,0,0,0,1,1,1,0,0,0,0,0,0,1,0,0,0,0,0,0,0,0,0,0,0,0,0,0,0,0,0,0,0,0,0,0,0,0,0,0,0,0,0,0,0,0,0,0,0,0,0,0,0,0,0,0,0,0,0,0,0,0,0,0,0,0,0,0,0,0,0,1,0,0,0,0,0,0,0,0,0
Asparagine,8.81,N[C@@H](CC(N)=O)C(O)=O,9.993055555555555,9.993055555555555,0.31018518518518534,-1.2140740740740739,0.4239394773771117,12.555555555555555,132.119,124.05499999999998,132.053492116,52,0,0.3205079032307336,-0.48007541965947526,0.48007541965947526,0.3205079032307336,1.5555555555555556,2.0,2.111111111111111,16.367683700475034,10.207192308470763,2.125815490848217,-1.9937420306810074,1.8390078239636423,-2.3414352897063964,5.824984241724378,-0.13969099629592874,1.634374150092862,3.632432151939845,133.77443751081734,7.439157588755425,4.702867765183109,4.702867765183109,4.0365812602091875,2.304340371793938,2.304340371793938,1.615167728242008,1.615167728242008,0.7382950735896463,0.7382950735896463,0.3040563490674222,0.3040563490674222,-1.1,60.47184355343589,7.8999999999999995,3.032306526953668,3.479710144927536,51.63113671732834,16.573862349165076,6.041840829147961,0.0,5.907179729351506,0.0,5.969305287951849,9.589074368143644,0.0,0.0,0.0,0.0,0.0,0.0,6.4208216229260096,14.69560176298435,11.876485017303356,0.0,0.0,11.46733495432437,12.462662452073971,0.0,0.0,0.0,0.0,11.46733495432437,0.0,0.0,0.0,23.02485324129202,9.589074368143644,0.0,6.4208216229260096,0.0,0.0,0.0,0.0,106.41,17.918325846451317,9.589074368143644,0.0,6.4208216229260096,0.0,0.0,0.0,0.0,0.0,5.733667477162185,10.84019487200289,0.0,0.0,19.895046296296297,8.098101851851851,9.565925925925926,-1.9178703703703697,-1.1643518518518523,-0.31018518518518534,0.0,0.0,0.5,9,5,5,0,0,0,0,0,0,3,3,5,3,0,0,0,0,-1.7263000000000002,29.4226,1,0,0,0,0,0,0,0,1,1,2,1,0,0,0,0,0,2,0,0,0,0,0,0,0,0,0,1,0,0,0,0,0,0,0,0,0,0,0,0,0,0,0,0,0,0,0,0,0,0,0,0,0,0,0,0,0,0,0,0,0,0,0,0,0,0,0,0,0,0,0,1,0,0,0,0,0,0,0,0,0,0,0,0,0
Cytidine,6.85,NC1=NC(=O)N(C=C1)[C@@H]2O[C@H](CO)[C@@H](O)[C@H]2O,11.510870653817083,11.510870653817083,0.05369758860334328,-1.3099310279667422,0.4489304892314893,32.88235294117647,243.219,230.11499999999995,243.085520516,94,0,0.3512126938330889,-0.39356685388765933,0.39356685388765933,0.3512126938330889,1.4705882352941178,2.176470588235294,2.7058823529411766,16.56298652841381,10.128301814895782,2.431834336964676,-2.162236823368874,2.273655988948241,-2.355745031918353,5.232082740016904,-0.054897640285208625,2.5654067136030916,2.3196952658217853,462.1897021796714,12.576985790260121,8.801123223941447,8.801123223941447,8.040912557858759,5.014304277265205,5.014304277265205,3.7711079251973993,3.7711079251973993,2.642834143988184,2.642834143988184,1.7293735696353043,1.7293735696353043,-1.48,7816.79425634862,11.98960467611348,4.414475063137193,2.025663273733915,95.89720926959053,25.790112615484354,24.129761941079934,6.22790117073487,0.0,0.0,5.689743398203474,4.567099647791355,4.794537184071822,4.9839785209472085,0.0,0.0,6.06636706846161,6.196843571613076,6.606881964512918,20.056445138322168,5.817862777835028,0.0,9.551078168738563,0.0,24.539800333979777,12.340549441675103,22.747491222349982,0.0,0.0,11.423410875365658,5.817862777835028,0.0,0.0,49.7894414810185,4.736862953800049,0.0,6.22790117073487,17.057747824146507,0.0,0.0,0.0,130.83,36.83642569669617,15.007591973753234,0.0,5.817862777835028,0.0,4.567099647791355,12.263210640074686,0.0,0.0,4.9839785209472085,15.57705782580294,6.187805177626606,0.0,14.98930933484505,28.15370186654909,4.629863315696649,0.05369758860334328,1.3711640211640213,-3.266372826908542,-0.45250181090954866,0.0,0.5555555555555556,17,5,8,0,1,1,0,1,1,8,4,8,2,0,1,1,2,-2.5629999999999993,55.918800000000026,0,3,3,1,0,2,0,0,0,0,0,0,0,0,0,2,0,1,0,0,0,0,0,0,0,0,0,0,0,1,0,0,0,0,0,0,0,0,0,0,0,1,0,0,0,0,0,0,0,0,0,0,0,0,0,0,0,0,0,0,0,0,0,0,0,0,0,0,0,0,0,0,0,0,0,0,0,0,0,0,0,0,0,0,0
Tryptophan,6.92,N[C@@H](Cc1c[nH]c2ccccc12)C(O)=O,10.626393927941546,10.626393927941546,0.3465740740740739,-0.9719619236583521,0.7005840997557369,12.866666666666667,204.22899999999998,192.13299999999995,204.089877624,78,0,0.32031692105916915,-0.4800776923593587,0.4800776923593587,0.32031692105916915,1.4666666666666666,2.2,2.933333333333333,16.36755355386267,10.06102593956875,2.1371615523619276,-2.038308646805267,2.18054206112019,-2.316121789893529,5.8380055770017725,-0.13798871990339567,2.617486404067029,2.3234873713898962,490.0485079143074,10.836498814253964,8.10402055147775,8.10402055147775,7.1815405503520555,4.716241630346446,4.716241630346446,3.5083522099184106,3.5083522099184106,2.4319435418190682,2.4319435418190682,1.624730989112513,1.624730989112513,-1.8099999999999996,3732.5356121995837,9.733912004652456,3.744477633359755,1.8453598902256418,86.71270096468879,15.8241733929501,6.041840829147961,0.0,0.0,0.0,5.969305287951849,4.794537184071822,0.0,0.0,0.0,18.19910120538483,11.629818560158606,23.520590126620142,0.0,9.901064578912528,16.872230220032904,0.0,4.9839785209472085,5.733667477162185,12.462662452073971,0.0,36.02576333715651,0.0,0.0,5.733667477162185,0.0,0.0,0.0,22.10165203288772,11.21535880699783,0.0,5.563451491696996,30.462311845459514,0.0,10.902924932081056,0.0,79.11000000000001,12.011146117099809,4.794537184071822,0.0,0.0,6.4208216229260096,16.466376423778055,0.0,0.0,30.462311845459514,4.9839785209472085,10.84019487200289,0.0,0.0,13.710350844041319,9.75398116654069,7.434909297052155,-0.9719619236583521,6.913183578987151,2.159537037037037,0.0,0.0,0.18181818181818182,15,4,4,0,0,0,1,1,2,2,3,4,3,0,0,0,2,1.1223,57.61390000000001,1,0,0,0,0,1,1,0,1,1,1,0,0,0,0,0,1,1,0,0,0,1,0,0,0,0,0,0,0,0,0,0,0,0,1,0,1,0,0,0,0,0,0,0,0,0,0,0,0,0,0,0,0,0,0,0,0,0,0,0,0,0,0,0,1,0,0,0,0,0,0,0,0,0,0,0,0,0,0,0,0,0,0,0,0
Sarcosine,7.82,CNCC(O)=O,9.536805555555556,9.536805555555556,0.04166666666666652,-0.8217592592592589,0.4695634757445805,8.166666666666666,89.09399999999998,82.03799999999998,89.047678464,36,0,0.3169691057035338,-0.4802916016858335,0.4802916016858335,0.3169691057035338,2.0,2.5,2.5,16.366345844690034,10.675802316738379,1.8566433578452415,-1.8358580121754686,1.503394314751987,-2.1643942066574495,5.683852342541057,-0.1353528606132183,1.3485878960124225,2.831257109931365,52.75488750216347,4.99156383156272,3.5625686671503685,3.5625686671503685,2.770055610029662,1.634837724168458,1.634837724168458,0.9240686291132636,0.9240686291132636,0.3280024204495496,0.3280024204495496,0.15122572515291272,0.15122572515291272,-0.5700000000000001,14.834466856136647,5.43,2.6557336343115123,3.4299999999999993,35.97475329247059,10.423315998847038,0.0,0.0,0.0,0.0,5.969305287951849,4.794537184071822,0.0,0.0,0.0,0.0,7.04767198267719,0.0,6.544756405912575,9.901064578912528,5.969305287951849,0.0,5.316788604006331,0.0,0.0,13.592428388589765,0.0,0.0,0.0,5.316788604006331,0.0,0.0,0.0,24.668261071382318,4.794537184071822,0.0,0.0,0.0,0.0,0.0,0.0,49.33,5.969305287951849,4.794537184071822,0.0,6.544756405912575,0.0,0.0,0.0,7.04767198267719,0.0,5.316788604006331,5.106527394840706,0.0,0.0,9.536805555555556,10.318564814814813,0.0,-0.8217592592592589,0.0,0.0,0.04166666666666652,1.591388888888889,0.6666666666666666,6,2,3,0,0,0,0,0,0,2,2,3,2,0,0,0,0,-0.7096000000000002,21.5625,1,0,0,0,0,0,0,0,1,1,1,0,0,0,0,0,1,0,0,1,0,0,0,0,0,0,0,0,0,0,0,0,0,0,0,0,0,0,0,0,0,0,0,0,0,0,0,0,0,0,0,0,0,0,0,0,0,0,0,0,0,0,0,0,0,0,0,0,0,0,0,0,0,0,0,0,0,0,0,0,0,0,0,0,0
Ethanolamine,7.15,NCCO,7.75,7.75,0.09722222222222232,0.09722222222222232,0.4055784163621654,7.5,61.083999999999996,54.028,61.052763844,26,0,0.0553245806721056,-0.3950627389113919,0.3950627389113919,0.0553245806721056,1.75,2.0,2.0,16.25070839298393,10.760281297011383,1.5579516127046704,-1.70722482188778,1.3253754886169684,-2.0158886772412905,4.171488089138785,0.3061301650671471,1.370950594454669,1.9747448713915894,8.0,3.414213562373095,2.4387774270626785,2.4387774270626785,1.914213562373095,1.2244760564807007,1.2244760564807007,0.5122819323447918,0.5122819323447918,0.12909944487358055,0.12909944487358055,0.0,0.0,-0.08,6.854752972273345,3.9200000000000004,2.92,1.9199999999999995,25.238317591434885,10.84019487200289,0.0,0.0,0.0,0.0,0.0,0.0,0.0,0.0,0.0,0.0,0.0,6.544756405912575,6.606881964512918,5.106527394840706,0.0,0.0,0.0,5.733667477162185,0.0,13.151638370425493,0.0,0.0,0.0,5.733667477162185,0.0,0.0,0.0,18.2581657652662,0.0,0.0,0.0,0.0,0.0,0.0,0.0,46.25,0.0,0.0,0.0,6.606881964512918,6.544756405912575,0.0,0.0,0.0,0.0,0.0,10.84019487200289,0.0,0.0,0.0,7.75,4.777777777777778,0.0,0.0,0.0,0.4722222222222223,0.0,1.0,4,3,2,0,0,0,0,0,0,2,2,2,1,0,0,0,0,-1.0626000000000002,16.140200000000004,0,1,1,0,0,0,0,0,0,0,0,0,0,0,0,0,0,1,0,0,0,0,0,0,0,0,0,0,0,0,0,0,0,0,0,0,0,0,0,0,0,0,0,0,0,0,0,0,0,0,0,0,0,0,0,0,0,0,0,0,0,0,0,0,0,0,0,0,0,0,0,0,0,0,0,0,0,0,0,0,0,0,0,0,0
Hypoxanthine,4.99,O=C1NC=Nc2nc[nH]c12,10.873009259259259,10.873009259259259,0.1921296296296291,-0.1921296296296291,0.5192368565638923,10.4,136.114,132.082,136.038510748,50,0,0.2762579987223569,-0.33867482420436507,0.33867482420436507,0.2762579987223569,1.2,1.9,2.6,16.138466905511088,10.551983298137365,1.9724439205710431,-1.8115356769410564,1.9352672434711313,-2.0497501773200715,5.668238278653933,1.1538082970191939,2.3571021521226503,3.0929120500200673,400.94019739120694,6.974691494688164,4.95737601984303,4.95737601984303,4.877010097711744,2.7450857894158376,2.7450857894158376,1.8328038570710459,1.8328038570710459,1.2288691748696003,1.2288691748696003,0.7762550738449225,0.7762550738449225,-1.6500000000000004,372.42214003537873,5.159860161857645,1.6629234524260401,0.5397705083562873,55.14269411512977,9.967957041894417,0.0,11.16387793838399,0.0,5.559266895052008,0.0,4.794537184071822,9.967957041894417,0.0,0.0,0.0,0.0,0.0,12.654640149529083,0.0,11.16387793838399,0.0,19.935914083788834,0.0,0.0,0.0,23.008444228652912,0.0,0.0,5.559266895052008,0.0,0.0,0.0,19.935914083788834,0.0,0.0,0.0,17.449177333600908,0.0,11.16387793838399,0.0,74.43,0.0,4.794537184071822,0.0,5.559266895052008,11.16387793838399,0.0,12.654640149529083,0.0,0.0,19.935914083788834,0.0,0.0,0.0,23.562916666666666,0.0,0.6747685185185195,0.0,0.0,2.7623148148148147,0.0,0.0,0.0,10,2,5,0,0,0,0,2,2,3,2,5,0,0,0,0,2,-0.35380000000000006,34.5094,0,0,0,0,0,4,2,0,0,0,0,0,0,0,0,2,2,0,0,0,0,2,0,0,0,0,0,0,0,0,0,0,0,0,0,0,1,0,0,0,0,0,0,0,0,0,0,1,0,0,0,0,0,0,0,0,0,0,0,0,0,0,0,0,0,0,0,0,0,0,0,0,0,0,0,0,0,0,0,0,0,0,0,0,0
Cysteine,5.31,N[C@@H](CS)C(O)=O,9.756435185185186,9.756435185185186,0.18981481481481488,-1.004629629629629,0.42438150224218973,13.428571428571429,121.16099999999997,114.10499999999999,121.019749464,42,0,0.32082221100587355,-0.4800638842024688,0.4800638842024688,0.32082221100587355,2.0,2.4285714285714284,2.4285714285714284,32.116866610825646,10.376544827549965,2.0567047952500963,-1.9607609925305036,1.795249042193941,-2.309520287938285,7.79849677342341,-0.13741942487671266,1.6457113704075785,3.3434170589539605,75.33515884998701,5.8618073195657985,3.6644828010295782,4.558909992029494,3.1807392125526213,1.7742154673907575,2.4066709994244335,1.127304926118036,1.4924532977881464,0.5138937555013049,0.9072864520142523,0.0780926286713828,0.23427788601414842,-0.22000000000000003,27.977093296928835,6.78,2.872924704797209,2.4720415224913497,46.91984846927698,10.84019487200289,6.041840829147961,0.0,0.0,0.0,5.969305287951849,4.794537184071822,0.0,12.628789148012991,0.0,0.0,0.0,5.752853606746789,0.0,9.901064578912528,18.59809443596484,0.0,0.0,5.733667477162185,6.041840829147961,5.752853606746789,0.0,0.0,0.0,5.733667477162185,0.0,0.0,12.628789148012991,22.870527118687306,4.794537184071822,0.0,0.0,0.0,0.0,0.0,0.0,63.32,12.011146117099809,4.794537184071822,0.0,5.752853606746789,0.0,0.0,0.0,0.0,0.0,12.628789148012991,10.84019487200289,0.0,3.6490432098765435,9.756435185185186,8.008101851851851,4.939814814814815,-0.8148148148148142,-0.8163580246913587,0.0,0.0,0.0,0.6666666666666666,7,3,3,0,0,0,0,0,0,3,3,4,2,0,0,0,0,-0.6719000000000002,29.464199999999998,1,0,0,0,0,0,0,0,1,1,1,0,0,0,0,0,0,1,0,0,0,0,1,0,0,0,0,0,0,0,0,0,0,0,0,0,0,0,0,0,0,0,0,0,0,0,0,0,0,0,0,0,0,0,0,0,0,0,0,0,0,0,0,0,0,0,0,0,0,0,0,0,0,0,0,0,0,0,0,0,0,0,0,0,0
Creatinine,4.93,CN1CC(=O)N=C1N,10.354722222222222,10.354722222222222,0.16203703703703676,-0.16203703703703676,0.4277648474316,19.375,113.12,106.064,113.058911844,44,0,0.2679612191748579,-0.3694079485605272,0.3694079485605272,0.2679612191748579,1.875,2.5,2.625,16.15045032799402,10.60675419906868,2.145528991215182,-2.047803269563786,1.924319002539481,-2.293724039650887,5.991772363748452,-0.1164416059090117,1.85084532640743,2.7289998504252155,151.3624125497598,6.146264369941973,4.587132531839952,4.587132531839952,3.6983773027576627,2.280614425186751,2.280614425186751,1.7198031616291587,1.7198031616291587,1.0027786513776,1.0027786513776,0.5323637783459343,0.5323637783459343,-1.06,66.63043175066748,5.084092219020172,1.467126541947864,0.6407442957932413,46.98481517061011,10.633577208012664,6.544756405912575,5.959554568743835,0.0,5.907179729351506,0.0,4.794537184071822,0.0,4.992404732635669,0.0,0.0,0.0,7.04767198267719,0.0,4.794537184071822,11.866734298095341,0.0,4.899909730850478,10.726072209797854,0.0,13.592428388589765,0.0,0.0,0.0,5.733667477162185,0.0,0.0,0.0,30.359072417535586,4.794537184071822,0.0,0.0,4.992404732635669,0.0,0.0,0.0,58.69,0.0,4.794537184071822,0.0,5.907179729351506,12.50431097465641,0.0,0.0,11.947581713527669,0.0,4.992404732635669,5.733667477162185,0.0,0.0,15.405648148148147,0.0,5.22375,0.15277777777777835,0.0,0.0,0.3252314814814814,1.7259259259259259,0.5,8,2,4,0,1,1,0,0,0,3,1,4,0,0,0,0,1,-1.2268999999999994,29.259399999999996,0,0,0,0,0,0,0,0,0,0,1,1,0,0,1,2,0,1,0,1,0,0,0,0,0,0,0,1,0,0,0,0,0,0,0,0,0,0,0,0,0,0,0,1,0,0,0,0,0,0,0,0,0,0,0,0,0,0,0,0,0,0,0,0,0,0,0,0,0,0,0,0,0,0,0,0,0,0,0,0,0,0,0,0,0
Sucrose,8.05,OC[C@H]1O[C@H](O[C@]2(CO)O[C@H](CO)[C@@H](O)[C@@H]2O)[C@H](O)[C@@H](O)[C@@H]1O,9.997825727513227,9.997825727513227,0.6686328157806325,-2.2217479213907794,0.2378914345193498,51.130434782608695,342.297,320.12100000000004,342.11621152399994,136,0,0.2235503336827939,-0.39356651499978823,0.39356651499978823,0.2235503336827939,0.782608695652174,1.391304347826087,1.8695652173913044,16.80720479669425,9.986667178387352,2.578267455954763,-2.427675193071407,2.353369659719251,-2.622781479669637,4.979620874881744,-0.3832163366504219,2.8005781288655607,2.1772696581273263,393.2032272794937,17.361442840636293,12.042576132467907,12.042576132467907,10.806896738665586,7.0494601849480585,7.0494601849480585,5.559383362018338,5.559383362018338,4.070325339078978,4.070325339078978,2.6313159666862083,2.6313159666862083,-0.43999999999999995,120494.87399444074,18.89235232228663,7.207281294562587,3.2268020699807716,130.43645768522254,55.062808020125786,49.33464667875103,6.290026729335213,5.7871111525705965,0.0,0.0,0.0,0.0,0.0,0.0,0.0,0.0,0.0,13.213763929025836,55.062808020125786,0.0,0.0,0.0,0.0,54.80490259614392,19.820645893538753,0.0,0.0,0.0,0.0,0.0,0.0,0.0,115.47776764840835,14.210588861400147,0.0,0.0,0.0,0.0,0.0,0.0,189.52999999999997,74.62554848968267,30.63916436904423,0.0,0.0,0.0,0.0,0.0,0.0,0.0,0.0,24.423643651081555,15.4463210978836,0.0,0.0,76.66677810321659,0.0,-2.2217479213907794,0.0,-12.652261642311249,-2.3224229707315,0.0,1.0,23,8,11,0,2,2,0,0,0,11,8,11,5,0,2,2,2,-5.395599999999993,68.64140000000003,0,8,8,0,0,0,0,0,0,0,0,0,0,0,0,0,0,0,0,0,0,0,0,0,0,0,0,0,0,0,0,0,0,0,0,0,0,0,0,0,0,3,0,0,0,0,0,0,0,0,0,0,0,0,0,0,0,0,0,0,0,0,0,0,0,0,0,0,0,0,0,0,0,0,0,0,0,0,0,0,0,0,0,0,0
Guanine,6.4,NC1=Nc2nc[nH]c2C(=O)N1,11.013842592592592,11.013842592592592,0.07833333333333359,-0.3009259259259256,0.4597512677791772,10.545454545454545,151.129,146.089,151.04940978,56,0,0.2778529108984997,-0.3692507023755726,0.3692507023755726,0.2778529108984997,1.5454545454545454,2.3636363636363638,3.1818181818181817,16.1386916857688,10.54023413923355,2.0115977390235438,-1.886663847444772,1.9805081996067897,-2.1032675984487446,5.6865123313982515,1.171060459290178,2.337841088205032,3.024307136383607,441.3146575841347,7.8449349826912425,5.45737601984303,5.45737601984303,5.270856947829096,2.9604936974186553,2.9604936974186553,2.052311209947444,2.052311209947444,1.3143452725986455,1.3143452725986455,0.85979190781096,0.85979190781096,-1.85,514.325039405107,5.899350869955592,1.8152833600191707,0.7592026919690413,60.482584812142484,10.717645998109393,0.0,11.16387793838399,5.948339280986494,5.559266895052007,0.0,9.77851570501903,4.9839785209472085,4.9839785209472085,0.0,0.0,0.0,0.0,6.3273200747645415,0.0,17.112217219370486,0.0,19.935914083788834,0.0,0.0,5.733667477162185,16.68112415388837,0.0,0.0,11.29293437221419,5.948339280986494,0.0,0.0,19.935914083788834,0.0,0.0,0.0,11.121857258836364,0.0,11.16387793838399,0.0,100.44999999999999,0.0,4.794537184071822,0.0,11.5076061760385,11.16387793838399,0.0,6.3273200747645415,0.0,0.0,19.935914083788834,5.733667477162185,0.0,0.0,23.54513888888889,0.0,5.6480092592592595,0.07833333333333359,0.0,1.395185185185185,0.0,0.0,0.0,11,4,6,0,0,0,0,2,2,4,3,6,0,0,0,0,2,-0.7716000000000003,38.92179999999999,0,0,0,1,0,4,2,0,0,0,0,0,0,0,0,2,2,1,0,0,0,2,0,0,0,0,0,0,0,1,0,0,0,0,0,0,1,0,0,0,0,0,0,0,0,0,0,1,0,0,0,0,0,0,0,0,0,0,0,0,0,0,0,0,0,0,0,0,0,0,0,0,0,0,0,0,0,0,0,0,0,0,0,0,0
Allothreonine,7.95,C[C@H](O)[C@H](N)C(O)=O,9.85574074074074,9.85574074074074,0.9791666666666667,-1.1805555555555556,0.42509560262695134,17.375,119.11999999999999,110.04799999999999,119.058243148,48,0,0.32266366773949673,-0.4800132023099517,0.4800132023099517,0.32266366773949673,1.75,2.125,2.125,16.37146680880959,10.19470849442005,2.1566906789597744,-2.064945541435154,1.8536490115328135,-2.3934500225977664,5.732181146355902,-0.14037845905718618,1.6403360647604435,3.6376825478398387,91.28421251514428,6.732050807568877,4.5347262890326565,4.5347262890326565,3.5534180126147956,2.2186219031801775,2.2186219031801775,1.6046245126325556,1.6046245126325556,0.8048726142168625,0.8048726142168625,0.20633934529981277,0.20633934529981277,-0.6100000000000001,39.36806555425064,7.39,2.637269224813579,1.9020806561183323,46.92395767246788,15.946722266843596,6.041840829147961,0.0,0.0,0.0,5.969305287951849,4.794537184071822,0.0,0.0,0.0,0.0,6.923737199690624,0.0,6.103966387748303,15.007591973753232,5.969305287951849,0.0,0.0,5.733667477162185,19.069544416586886,0.0,0.0,0.0,0.0,5.733667477162185,0.0,0.0,0.0,28.32816729452952,4.794537184071822,0.0,6.923737199690624,0.0,0.0,0.0,0.0,83.55000000000001,18.115112504848113,4.794537184071822,0.0,0.0,0.0,0.0,6.923737199690624,0.0,0.0,0.0,15.946722266843596,0.0,0.0,9.85574074074074,16.55287037037037,4.909722222222222,-1.1805555555555556,-1.157407407407408,-0.9791666666666667,1.3321296296296297,0.0,0.75,8,4,4,0,0,0,0,0,0,3,3,4,2,0,0,0,0,-1.2208999999999997,27.291999999999994,1,1,1,0,0,0,0,0,1,1,1,0,0,0,0,0,0,1,0,0,0,0,0,0,0,0,0,0,0,0,0,0,0,0,0,0,0,0,0,0,0,0,0,0,0,0,0,0,0,0,0,0,0,0,0,0,0,0,0,0,0,0,0,0,0,0,0,0,0,0,0,0,0,0,0,0,0,0,0,0,0,0,0,0,0
Thymidine,2.57,CC1=CN([C@H]2C[C@H](O)[C@@H](CO)O2)C(=O)NC1=O,11.564203987150416,11.564203987150416,0.2049773242630386,-0.8156164965986392,0.5842742137821719,28.529411764705884,242.23099999999997,228.11899999999997,242.090271548,94,0,0.32996003103185106,-0.3935688359788986,0.3935688359788986,0.32996003103185106,1.588235294117647,2.2941176470588234,2.8823529411764706,16.54267619433923,10.168189134432897,2.3442927037634904,-2.140220204192535,2.2652595894047804,-2.3307190144997456,5.015010184772445,-0.04593009409910936,2.645469496889508,2.335396041923274,520.1629217962848,12.576985790260121,9.290000297023063,9.290000297023063,8.024075805453151,5.2908373835829305,5.2908373835829305,4.093467597493248,4.093467597493248,2.840228194739679,2.840228194739679,1.8502710045785484,1.8502710045785484,-1.4400000000000002,7965.508655134308,12.02850568274639,4.438375367377904,2.1665656901037735,96.28954903482216,14.94991774348146,12.331867558483172,0.0,0.0,5.559266895052008,5.689743398203474,14.345615352810384,4.794537184071822,0.0,0.0,0.0,6.923737199690624,18.18111668623608,12.71084835226122,14.94991774348146,0.0,0.0,9.551078168738563,0.0,31.78039276884811,6.606881964512918,32.5983797247092,0.0,0.0,11.24901029325548,0.0,0.0,0.0,38.5789476984295,4.736862953800049,6.923737199690624,18.212174285357875,15.785917939756718,0.0,0.0,0.0,104.54999999999998,29.68484423948696,14.69560176298435,0.0,13.027703587438928,5.563451491696996,0.0,10.763943219404432,6.923737199690624,0.0,4.9839785209472085,9.843390348640755,6.5433862433862435,0.0,24.91621275825145,18.50208425191064,-0.6434892027798764,0.0,0.0,-0.5805272108843542,1.262333160115898,0.0,0.6,17,3,7,0,1,1,0,1,1,6,3,7,2,0,1,1,2,-1.5142799999999992,57.67930000000002,0,2,2,0,0,2,1,0,0,0,0,0,0,0,0,1,1,0,0,0,0,1,0,0,0,0,0,0,0,0,1,0,0,0,0,0,0,0,0,0,0,1,0,0,0,0,0,0,0,0,0,0,0,0,0,0,0,0,0,0,0,0,0,0,0,0,0,0,0,0,0,0,0,0,0,0,0,0,0,0,0,0,0,0,0
1-Methylnicotinamide,6.26,CN1CC(=CC=C1)C(N)=O,10.593287037037037,10.593287037037037,0.33685185185185174,-0.33685185185185174,0.5477306853171201,16.9,138.17,128.08999999999997,138.07931294,54,0,0.24592940225080023,-0.37589175185147916,0.37589175185147916,0.24592940225080023,1.8,2.5,2.9,16.146531137369035,10.166045965241105,2.0689000352547198,-2.1666661488236376,2.027637903564978,-2.251305951210707,5.9240817622513315,-0.11430264160720224,1.8757135518200394,2.7057326371244352,205.65164647309302,7.560477932315068,5.871969743908872,5.871969743908872,4.698377302757663,3.073334722945455,3.073334722945455,2.3127918574411064,2.3127918574411064,1.374191023861913,1.374191023861913,0.8402644958655817,0.8402644958655817,-1.25,178.19278742290373,6.864285714285714,2.5576052512449072,1.3728373702422145,59.805112963571304,10.633577208012664,0.0,0.0,5.907179729351506,0.0,0.0,4.794537184071822,0.0,0.0,0.0,6.076020106833881,12.27597499665433,19.165532918659032,0.0,4.794537184071822,5.907179729351506,0.0,4.899909730850478,5.733667477162185,0.0,13.592428388589765,23.92509963355748,0.0,0.0,5.733667477162185,0.0,0.0,0.0,24.39951784879175,4.794537184071822,0.0,0.0,23.92509963355748,0.0,0.0,0.0,46.33,0.0,4.794537184071822,0.0,5.907179729351506,12.117860935981842,0.0,0.0,6.076020106833881,24.223556710181995,0.0,5.733667477162185,0.0,0.0,12.496157407407408,0.0,5.719027777777778,-0.33685185185185174,0.0,5.442824074074075,0.6168981481481481,1.8952777777777778,0.2857142857142857,10,2,3,0,1,1,0,0,0,2,1,3,1,0,0,0,1,-0.14279999999999993,39.047399999999996,0,0,0,0,0,0,0,0,0,0,1,1,0,0,0,1,0,1,0,1,0,0,0,0,0,0,2,1,0,0,0,0,0,0,0,0,0,0,0,0,0,0,0,0,0,0,0,0,0,0,0,0,0,0,0,0,0,0,0,0,0,0,0,0,0,0,0,0,0,0,0,1,0,0,0,0,0,0,0,0,0,0,0,0,0
Isoleucine,7.18,CC[C@H](C)[C@H](N)C(O)=O,10.17462962962963,10.17462962962963,0.07175925925925908,-0.9126388888888883,0.5839472301812022,16.77777777777778,131.17499999999998,118.07099999999998,131.094628656,54,0,0.3202466808084985,-0.480078739285162,0.480078739285162,0.3202466808084985,1.7777777777777777,2.2222222222222223,2.3333333333333335,16.36764345001577,10.006554647362336,2.166649124995063,-2.114982452150463,2.03624094466588,-2.3564188818611846,5.728781622917253,-0.13924696360818603,1.8434495647494127,3.7161367711827205,103.23098268032228,7.439157588755425,5.794619474719246,5.794619474719246,4.09142281507558,3.075778085083427,3.075778085083427,2.2495532657086503,2.2495532657086503,1.5421551629295736,1.5421551629295736,0.4973280247816243,0.4973280247816243,-0.5700000000000001,75.58143215472592,8.43,3.454517317421779,2.4635710245386835,54.859608149065075,10.84019487200289,6.041840829147961,0.0,0.0,0.0,5.969305287951849,4.794537184071822,0.0,0.0,0.0,20.268296022307258,5.917906046161393,0.0,0.0,9.901064578912528,5.969305287951849,0.0,0.0,11.651573523323577,26.31013685145522,0.0,0.0,0.0,0.0,5.733667477162185,0.0,0.0,0.0,17.117673511940517,4.794537184071822,5.917906046161393,20.268296022307258,0.0,0.0,0.0,0.0,63.32,12.011146117099809,4.794537184071822,0.0,5.917906046161393,0.0,6.4208216229260096,0.0,0.0,13.847474399381248,0.0,10.84019487200289,0.0,0.0,10.17462962962963,8.358518518518519,5.270972222222222,-0.8408796296296293,-0.6990740740740746,0.812962962962963,3.7562037037037035,0.0,0.8333333333333334,9,3,3,0,0,0,0,0,0,2,2,3,3,0,0,0,0,0.44439999999999996,35.06619999999998,1,0,0,0,0,0,0,0,1,1,1,0,0,0,0,0,0,1,0,0,0,0,0,0,0,0,0,0,0,0,0,0,0,0,0,0,0,0,0,0,0,0,0,0,0,0,0,0,0,0,0,0,0,0,0,0,0,0,0,0,0,0,0,0,0,0,0,0,0,0,0,0,0,0,0,0,0,0,0,0,0,0,0,0,0
Leucine,7.08,CC(C)C[C@H](N)C(O)=O,10.109768518518518,10.109768518518518,0.3574999999999998,-0.9132407407407401,0.5839472301812022,13.777777777777779,131.17499999999998,118.07099999999998,131.094628656,54,0,0.319977946620586,-0.48008631732626356,0.48008631732626356,0.319977946620586,1.6666666666666667,2.111111111111111,2.2222222222222223,16.367544830314245,10.05322412803921,2.1137269386217423,-2.0694471285604683,2.0108389916713003,-2.307587421425896,5.724698039855709,-0.13841681326499694,1.634374150092862,3.5016884512730915,101.23098268032228,7.439157588755425,5.794619474719246,5.794619474719246,4.036581260209188,3.020936530217035,3.020936530217035,2.5742798507958478,2.5742798507958478,1.0425358217215752,1.0425358217215752,0.6086849374733664,0.6086849374733664,-0.5700000000000001,60.47184355343589,8.43,3.454517317421779,3.9683580080753695,54.859608149065075,10.84019487200289,6.041840829147961,0.0,0.0,0.0,5.969305287951849,4.794537184071822,0.0,0.0,0.0,13.847474399381248,12.338727669087403,0.0,0.0,9.901064578912528,5.969305287951849,0.0,0.0,11.651573523323577,26.31013685145522,0.0,0.0,0.0,0.0,5.733667477162185,0.0,0.0,0.0,17.117673511940517,4.794537184071822,5.917906046161393,20.268296022307258,0.0,0.0,0.0,0.0,63.32,12.011146117099809,4.794537184071822,0.0,0.0,12.338727669087403,0.0,0.0,0.0,13.847474399381248,0.0,10.84019487200289,0.0,0.0,10.109768518518518,8.30587962962963,5.21787037037037,-0.5557407407407403,-0.6898148148148151,0.5509259259259259,3.8944444444444444,0.0,0.8333333333333334,9,3,3,0,0,0,0,0,0,2,2,3,3,0,0,0,0,0.44439999999999996,35.06619999999998,1,0,0,0,0,0,0,0,1,1,1,0,0,0,0,0,0,1,0,0,0,0,0,0,0,0,0,0,0,0,0,0,0,0,0,0,0,0,0,0,0,0,0,0,0,0,0,0,0,0,0,0,0,0,0,0,0,0,0,0,0,0,0,0,0,0,0,0,0,0,0,0,0,0,0,0,0,0,0,0,0,0,0,0,0
Valine,7.24,CC(C)[C@H](N)C(O)=O,10.01574074074074,10.01574074074074,0.020833333333333037,-0.9305555555555556,0.5369765717084767,14.0,117.14799999999998,106.05999999999999,117.078978592,48,0,0.3202358658393586,-0.48007887022192064,0.48007887022192064,0.3202358658393586,1.625,2.0,2.0,16.36763178817759,10.06994962047342,2.1379445115427895,-2.0739969987555105,1.95744516638384,-2.344833650558036,5.728031134315254,-0.13903990720214565,1.6403360647604435,3.6376825478398387,90.42945954287093,6.732050807568877,5.087512693532698,5.087512693532698,3.5534180126147956,2.5377732826226422,2.5377732826226422,2.1080380269083676,2.1080380269083676,1.0033874747810245,1.0033874747810245,0.2851539619879404,0.2851539619879404,-0.5700000000000001,39.36806555425064,7.43,2.667813604184344,1.9303215294294527,48.49466603466847,10.84019487200289,6.041840829147961,0.0,0.0,0.0,5.969305287951849,4.794537184071822,0.0,0.0,0.0,13.847474399381248,5.917906046161393,0.0,0.0,9.901064578912528,5.969305287951849,0.0,0.0,11.651573523323577,19.88931522852921,0.0,0.0,0.0,0.0,5.733667477162185,0.0,0.0,0.0,17.117673511940517,4.794537184071822,5.917906046161393,13.847474399381248,0.0,0.0,0.0,0.0,63.32,12.011146117099809,4.794537184071822,0.0,5.917906046161393,0.0,0.0,0.0,13.847474399381248,0.0,0.0,10.84019487200289,0.0,0.0,10.01574074074074,8.227407407407407,5.159722222222222,-0.9097222222222225,-0.7129629629629635,0.0,3.553148148148148,0.0,0.8,8,3,3,0,0,0,0,0,0,2,2,3,2,0,0,0,0,0.05430000000000007,30.44919999999999,1,0,0,0,0,0,0,0,1,1,1,0,0,0,0,0,0,1,0,0,0,0,0,0,0,0,0,0,0,0,0,0,0,0,0,0,0,0,0,0,0,0,0,0,0,0,0,0,0,0,0,0,0,0,0,0,0,0,0,0,0,0,0,0,0,0,0,0,0,0,0,0,0,0,0,0,0,0,0,0,0,0,0,0,0
Alanine,8.05,C[C@H](N)C(O)=O,9.574074074074074,9.574074074074074,0.7314814814814821,-0.962962962962963,0.4513521877377077,13.666666666666666,89.09399999999998,82.03799999999998,89.047678464,36,0,0.3196779563386595,-0.4800942338470611,0.4800942338470611,0.3196779563386595,2.0,2.1666666666666665,2.1666666666666665,16.367425029932836,10.385340795249784,1.9902887517857768,-1.8970694528403376,1.676610209507762,-2.2500042064386876,5.718631580202893,-0.13756290275528457,1.3609640474436813,3.2575861612334887,59.813537528125096,5.1547005383792515,3.5101624243430725,3.5101624243430725,2.6427344100918364,1.6270896800996826,1.6270896800996826,1.1269128025836794,1.1269128025836794,0.38952755606530876,0.38952755606530876,0.0,0.0,-0.5700000000000001,13.609640474436812,5.43,1.7676338396942162,1.7215451895043727,35.76478180587526,10.84019487200289,6.041840829147961,0.0,0.0,0.0,5.969305287951849,4.794537184071822,0.0,0.0,0.0,0.0,6.923737199690624,0.0,0.0,9.901064578912528,5.969305287951849,0.0,0.0,5.733667477162185,12.965578028838586,0.0,0.0,0.0,0.0,5.733667477162185,0.0,0.0,0.0,17.117673511940517,4.794537184071822,0.0,6.923737199690624,0.0,0.0,0.0,0.0,63.32,12.011146117099809,4.794537184071822,0.0,0.0,0.0,0.0,6.923737199690624,0.0,0.0,0.0,10.84019487200289,0.0,0.0,9.574074074074074,7.8657407407407405,4.835648148148148,-0.962962962962963,-0.7314814814814821,0.0,1.4189814814814814,0.0,0.6666666666666666,6,3,3,0,0,0,0,0,0,2,2,3,1,0,0,0,0,-0.5817999999999999,21.285200000000003,1,0,0,0,0,0,0,0,1,1,1,0,0,0,0,0,0,1,0,0,0,0,0,0,0,0,0,0,0,0,0,0,0,0,0,0,0,0,0,0,0,0,0,0,0,0,0,0,0,0,0,0,0,0,0,0,0,0,0,0,0,0,0,0,0,0,0,0,0,0,0,0,0,0,0,0,0,0,0,0,0,0,0,0,0
Glutamine,8.19,N[C@@H](CCC(N)=O)C(O)=O,10.100084089191231,10.100084089191231,0.021296296296296147,-1.1099537037037035,0.4560917735982506,12.5,146.14600000000002,136.06599999999997,146.06914218,58,0,0.3199828445702351,-0.4800862864649938,0.4800862864649938,0.3199828445702351,1.5,2.0,2.3,16.36758121408474,10.152845695696168,2.1081748075498097,-2.014368772547474,1.91881109526079,-2.3084818605667277,5.764682430772367,-0.13825269896238465,1.820356593835518,3.4907296603908136,145.8284895747849,8.146264369941973,5.409974546369656,5.409974546369656,4.536581260209188,2.804340371793938,2.804340371793938,1.9497187176048896,1.9497187176048896,1.0189388484196829,1.0189388484196829,0.4212363029499181,0.4212363029499181,-1.1,111.0417522239666,8.9,3.8375573921028465,3.8485659349463233,57.996078831724944,16.573862349165076,6.041840829147961,0.0,5.907179729351506,0.0,5.969305287951849,9.589074368143644,0.0,0.0,0.0,0.0,6.4208216229260096,6.4208216229260096,0.0,14.69560176298435,11.876485017303356,0.0,0.0,11.46733495432437,18.88348407499998,0.0,0.0,0.0,0.0,11.46733495432437,0.0,0.0,0.0,23.02485324129202,9.589074368143644,0.0,12.841643245852019,0.0,0.0,0.0,0.0,106.41,17.918325846451317,9.589074368143644,0.0,12.841643245852019,0.0,0.0,0.0,0.0,0.0,0.0,16.573862349165076,0.0,0.0,20.134780801209374,8.217769274376417,9.810922146636432,-1.6407870370370365,-0.9791666666666672,0.123148148148148,0.0,0.0,0.6,10,5,5,0,0,0,0,0,0,3,3,5,4,0,0,0,0,-1.3361999999999998,34.03959999999999,1,0,0,0,0,0,0,0,1,1,2,1,0,0,0,0,0,2,0,0,0,0,0,0,0,0,0,1,0,0,0,0,0,0,0,0,0,0,0,0,0,0,0,0,0,0,0,0,0,0,0,0,0,0,0,0,0,0,0,0,0,0,0,0,0,0,0,0,0,0,0,1,0,0,0,0,0,0,0,0,0,0,0,0,0
Glycerophosphocholine,8.67,C[N+](C)(C)CCO[P](O)(=O)OC[C@H](O)CO,11.231530612244898,11.231530612244898,0.07589088876291261,-4.126759259259259,0.3886496757759784,15.125,258.23099999999994,237.06299999999996,258.11010044209,98,0,0.47198515385369805,-0.3935928597498911,0.47198515385369805,0.3935928597498911,1.3125,1.875,2.3125,31.204693165588615,10.41800185577642,2.2311560320826014,-2.2364242920345494,2.424860805351215,-2.369887825143846,7.469313908188675,-0.8699655608714122,2.1151177695850514,3.8326574016634782,241.17325948008235,12.819990956308914,9.866590242827197,10.761017433827112,7.161613803083721,4.87386461590323,6.369309730913562,4.447874048074404,5.901383371625319,1.6573545752649061,2.6415770886315824,0.7002483196709763,1.4476131461688166,-0.010000000000000023,1501.7336164053866,15.989999999999998,6.659048602058968,9.232920352424768,95.42305337548139,19.58949725012851,19.255604758173796,0.0,0.0,0.0,7.822697123132171,9.047494323423635,4.565048284931329,0.0,0.0,0.0,0.0,0.0,34.356779877057406,33.202039858483474,7.822697123132171,0.0,0.0,0.0,6.103966387748303,47.50841824748289,0.0,0.0,0.0,0.0,0.0,0.0,7.822697123132171,73.20188188535971,13.612542608354964,0.0,0.0,0.0,0.0,0.0,0.0,96.22000000000001,27.140427439906308,4.565048284931329,0.0,6.606881964512918,11.027787263607198,0.0,0.0,0.0,21.143015948031568,9.047494323423635,15.106466392433886,20.97777517951625,0.0,9.167120181405895,17.379778397508375,0.0,0.0,0.0,-1.1782663296800207,-0.3368111457545979,1.629292605892985,1.0,16,3,7,0,0,0,0,0,0,5,3,8,8,0,0,0,0,-0.8206000000000004,57.72130000000004,0,2,2,0,0,0,0,0,0,0,0,0,0,0,0,1,0,0,0,1,0,0,0,0,0,0,0,0,0,0,0,0,0,0,0,0,0,0,0,0,0,0,0,0,0,0,0,0,0,0,0,0,0,0,0,0,0,0,0,0,0,0,0,0,0,0,0,1,1,0,0,0,0,0,1,0,0,0,0,0,0,0,0,0,0
Tyrosine,7.61,N[C@@H](Cc1ccc(O)cc1)C(O)=O,10.396195830183926,10.396195830183926,0.1598578042328047,-1.0203009259259253,0.6277204469356521,12.384615384615385,181.19099999999997,170.10299999999995,181.073893212,70,0,0.32031550178849594,-0.5079666451758841,0.5079666451758841,0.32031550178849594,1.3846153846153846,1.9230769230769231,2.3846153846153846,16.367595320550276,10.07156367522584,2.1085817848615984,-2.0511897317004206,2.101425351210314,-2.3164449871083277,5.730394794627232,-0.1379965612882582,2.0845175502848488,2.641763904889644,294.23305328030176,9.844934982691242,6.973883877788083,6.973883877788083,6.092224152875014,3.856515094763092,3.856515094763092,2.8153020657259367,2.8153020657259367,1.7091531754759903,1.7091531754759903,0.9732748005878348,0.9732748005878348,-1.5499999999999998,758.764388303685,9.537336244541484,3.909515505702705,2.757388143125063,75.6161097641353,15.946722266843596,11.791352662431866,0.0,0.0,0.0,5.969305287951849,4.794537184071822,0.0,0.0,0.0,12.13273413692322,24.117007251546223,0.0,0.0,15.007591973753232,5.969305287951849,0.0,0.0,5.733667477162185,12.462662452073971,0.0,29.828919765543436,0.0,5.749511833283905,5.733667477162185,0.0,5.749511833283905,0.0,22.22420090678122,11.21535880699783,0.0,5.563451491696996,24.26546827384644,0.0,0.0,0.0,83.55000000000001,12.011146117099809,4.794537184071822,0.0,12.170333456209914,0.0,5.563451491696996,12.13273413692322,12.13273413692322,0.0,0.0,15.946722266843596,0.0,0.0,10.396195830183926,17.47592624086672,6.123313492063493,-0.8604431216931205,5.424914965986394,0.27342592592592574,0.0,0.0,0.2222222222222222,13,4,4,0,0,0,1,0,1,3,3,4,3,0,0,0,1,0.3466,47.42200000000002,1,0,0,0,0,0,0,1,1,1,1,0,0,0,0,0,0,1,0,0,0,0,0,0,0,0,0,0,0,0,0,0,0,0,1,0,0,0,0,0,0,0,0,0,0,0,0,0,0,0,0,0,0,0,0,0,0,0,0,0,0,0,0,0,0,1,1,0,0,0,0,0,0,0,0,0,0,0,0,0,0,0,0,0,0
Histidine,9.48,N[C@@H](Cc1c[nH]cn1)C(O)=O,10.262534958427816,10.262534958427816,0.2627314814814814,-1.0064814814814815,0.5411944991131042,12.818181818181818,155.15699999999998,146.08499999999998,155.069476528,60,0,0.3203777319132172,-0.4800769699266,0.4800769699266,0.3203777319132172,1.9090909090909092,2.6363636363636362,3.090909090909091,16.36755701075525,10.169528464495068,2.118348846979255,-2.0092767031838807,1.948539381987439,-2.318022492740348,5.728836608266237,-0.1380141872078522,2.3932748533488946,2.4987607772382447,231.98525149250435,8.267584713501616,5.819183339408831,5.819183339408831,5.198377302757663,3.159372183248773,3.159372183248773,2.2093954823400774,2.2093954823400774,1.3011019754142341,1.3011019754142341,0.7151636365475007,0.7151636365475007,-1.36,394.8903508025676,7.743734439834026,3.156503765422208,2.047487035715207,63.250684413900096,15.8241733929501,6.041840829147961,0.0,0.0,0.0,5.969305287951849,4.794537184071822,4.9839785209472085,0.0,0.0,0.0,0.0,12.617665194539086,12.021248069613002,9.901064578912528,5.969305287951849,0.0,9.967957041894417,5.733667477162185,12.462662452073971,0.0,18.21809164122608,0.0,0.0,5.733667477162185,0.0,0.0,0.0,27.085630553834932,11.21535880699783,0.0,5.693927994848461,12.524163646377618,0.0,0.0,0.0,92.0,12.011146117099809,4.794537184071822,0.0,6.4208216229260096,5.693927994848461,0.0,6.3273200747645415,6.196843571613076,0.0,9.967957041894417,10.84019487200289,0.0,0.0,16.816677059712774,8.417829743008314,5.920833333333334,-1.0064814814814815,-0.8626851851851856,3.3804931972789114,0.0,0.0,0.3333333333333333,11,4,5,0,0,0,0,1,1,3,3,5,3,0,0,0,1,-0.6359000000000001,37.9029,1,0,0,0,0,2,1,0,1,1,1,0,0,0,0,1,1,1,0,0,0,1,0,0,0,0,0,0,0,0,0,0,0,0,0,0,0,0,0,0,0,0,0,0,0,0,0,1,0,0,0,0,0,0,0,0,0,0,0,0,0,0,0,0,0,0,0,0,0,0,0,0,0,0,0,0,0,0,0,0,0,0,0,0,0
Phenylalanine,6.94,N[C@@H](Cc1ccccc1)C(O)=O,10.378641817838247,10.378641817838247,0.38509259259259254,-0.9593953136810278,0.6904627990029388,12.416666666666666,165.19199999999995,154.10399999999996,165.078978592,64,0,0.32031550163956013,-0.48007770020344237,0.48007770020344237,0.32031550163956013,1.4166666666666667,2.0,2.5,16.367544587086424,10.076364392744408,2.10385744963757,-2.04422009552615,2.007606625573848,-2.3163954376888602,5.730124707332311,-0.13799634748519246,2.0570524174272227,2.58460408239752,258.4908622767174,8.974691494688164,6.604020551477751,6.604020551477751,5.698377302757663,3.7222246944901536,3.7222246944901536,2.634453445168402,2.634453445168402,1.6156375325315602,1.6156375325315602,0.9553374414747878,0.9553374414747878,-1.35,526.605418861369,8.743896713615024,3.8752009284976325,2.3586512364733427,70.82187601193928,10.84019487200289,6.041840829147961,0.0,0.0,0.0,5.969305287951849,4.794537184071822,0.0,0.0,0.0,30.33183534230805,11.984273114623004,0.0,0.0,9.901064578912528,5.969305287951849,0.0,0.0,5.733667477162185,12.462662452073971,0.0,35.89528683400505,0.0,0.0,5.733667477162185,0.0,0.0,0.0,17.117673511940517,11.21535880699783,0.0,5.563451491696996,30.33183534230805,0.0,0.0,0.0,63.32,12.011146117099809,4.794537184071822,0.0,0.0,6.4208216229260096,5.563451491696996,0.0,0.0,30.33183534230805,0.0,10.84019487200289,0.0,0.0,10.378641817838247,8.518311602418745,6.300260770975058,-0.9593953136810278,8.543755196523053,0.38509259259259254,0.0,0.0,0.2222222222222222,12,3,3,0,0,0,1,0,1,2,2,3,3,0,0,0,1,0.641,45.75720000000002,1,0,0,0,0,0,0,0,1,1,1,0,0,0,0,0,0,1,0,0,0,0,0,0,0,0,0,0,0,0,0,0,0,0,1,0,0,0,0,0,0,0,0,0,0,0,0,0,0,0,0,0,0,0,0,0,0,0,0,0,0,0,0,0,0,0,0,0,0,0,0,0,0,0,0,0,0,0,0,0,0,0,0,0,0
Betaine,7.24,C[N+](C)(C)CC([O-])=O,9.888194444444444,9.888194444444444,0.0694444444444442,-1.0023148148148142,0.4104086183653024,11.375,117.14799999999998,106.05999999999997,117.078978592,48,0,0.11831230041334989,-0.5441156203540279,0.5441156203540279,0.11831230041334989,1.5,1.875,1.875,16.367194187470652,10.518264889210869,2.0422664267672075,-2.231671600686262,1.8444646797543507,-2.4453258111485248,5.648497259394789,-0.8642107302652254,1.210810026106033,3.5512529243669313,93.09201719290463,6.784457050376174,5.470816957614232,5.470816957614232,3.416502219436388,2.4196702335738483,2.4196702335738483,2.820446435486953,2.820446435486953,0.6034410938988374,0.6034410938988374,0.3872983346207416,0.3872983346207416,-0.5700000000000001,23.005390496014627,7.43,2.1320002271579725,5.43,49.12458049445445,14.38409543660715,6.544756405912575,0.0,0.0,0.0,0.0,0.0,0.0,0.0,0.0,0.0,0.0,0.0,27.112321235983416,14.38409543660715,5.969305287951849,0.0,0.0,0.0,0.0,27.687772353944144,0.0,0.0,0.0,5.106527394840706,0.0,0.0,0.0,38.14010849959062,4.794537184071822,0.0,0.0,0.0,0.0,0.0,0.0,40.129999999999995,5.969305287951849,9.901064578912528,0.0,6.544756405912575,4.483030857694624,0.0,0.0,21.143015948031568,0.0,0.0,0.0,0.4189814814814814,0.0,9.888194444444444,9.888194444444444,0.0,-1.0023148148148142,0.0,0.0,0.0694444444444442,5.404166666666667,0.8,8,0,3,0,0,0,0,0,0,2,0,3,2,0,0,0,0,-1.5574999999999992,27.906399999999987,1,0,0,0,0,0,0,0,1,1,1,1,0,0,0,1,0,0,0,1,0,0,0,0,0,0,0,0,0,0,0,0,0,0,0,0,0,0,0,0,0,0,0,0,0,0,0,0,0,0,0,0,0,0,0,0,0,0,0,0,0,0,0,0,0,0,0,0,0,0,0,0,0,0,1,0,0,0,0,0,0,0,0,0,0
Lysine,9.54,NCCCC[C@H](N)C(O)=O,10.137221749811035,10.137221749811035,0.5203703703703704,-0.9333134920634916,0.45717715849655716,13.0,146.19,132.07799999999997,146.105527688,60,0,0.3199673002470266,-0.480086447570925,0.480086447570925,0.3199673002470266,1.5,2.1,2.5,16.367538736185143,10.123839367585878,2.0862365583514904,-2.030406643734748,1.964324434351706,-2.2938271455805683,5.724209332965023,-0.13821509350119354,1.8804130315742191,3.2148768968244483,105.9209386162151,7.983127663125442,5.915939818278889,5.915939818278889,4.680739212552622,3.366235991837783,3.366235991837783,2.2291877906591533,2.2291877906591533,1.286449931672767,1.286449931672767,0.6320636249442056,0.6320636249442056,-0.6100000000000001,133.50932524176955,9.39,5.19660435670694,4.286691532146363,60.199498846077795,16.573862349165076,6.041840829147961,0.0,0.0,0.0,5.969305287951849,4.794537184071822,0.0,0.0,0.0,6.4208216229260096,19.386399651764595,0.0,0.0,9.901064578912528,5.969305287951849,0.0,0.0,11.46733495432437,25.30430569792599,6.544756405912575,0.0,0.0,0.0,11.46733495432437,0.0,0.0,0.0,23.66242991785309,4.794537184071822,0.0,19.26246486877803,0.0,0.0,0.0,0.0,89.34,12.011146117099809,4.794537184071822,0.0,0.0,12.965578028838586,12.841643245852019,0.0,0.0,0.0,0.0,16.573862349165076,0.0,0.0,10.137221749811035,8.325077475434618,10.419494047619049,-0.9333134920634916,-0.716157407407408,2.1641666666666666,0.6035109599395314,0.0,0.8333333333333334,10,5,4,0,0,0,0,0,0,3,3,4,5,0,0,0,0,-0.4726999999999995,38.5166,1,0,0,0,0,0,0,0,1,1,1,0,0,0,0,0,0,2,0,0,0,0,0,0,0,0,0,0,0,0,0,0,0,0,0,0,0,0,0,0,0,0,0,0,0,0,0,0,0,0,0,0,0,0,0,0,0,0,0,0,0,0,0,0,0,0,0,0,0,0,0,0,0,0,0,0,0,0,0,0,0,0,0,1,0
Taurine,7.85,NCC[S](O)(=O)=O,9.706805555555556,9.706805555555556,0.02893518518518512,-3.7991898148148144,0.45569908962415706,11.714285714285714,125.14899999999997,118.09299999999999,125.014664084,44,0,0.26560224076483063,-0.3293693413195931,0.3293693413195931,0.26560224076483063,1.5714285714285714,2.0,2.0,32.23973853460666,10.821605960676452,1.9786731860368283,-1.85883439493813,1.7405077502069906,-2.1337073424956614,7.853149241983416,0.48319017049377244,1.2958363892911637,3.602196822415083,125.87033355475131,5.914213562373095,3.663522298454268,4.480018879381993,3.060660171779821,1.7128309442270646,3.3219962517534674,1.074713565339804,2.646790426829786,0.37580488978195226,1.1274146693458567,0.14892967253441064,0.44678901760323186,-0.13,18.14170945007629,6.869999999999999,2.24774250890826,5.87,42.072719849279494,5.733667477162185,0.0,0.0,0.0,10.118126859033554,0.0,4.552749873690364,0.0,8.417796984328938,0.0,0.0,0.0,6.544756405912575,5.752853606746789,12.9705468580193,10.118126859033554,0.0,0.0,5.733667477162185,0.0,12.297610012659364,0.0,0.0,0.0,5.733667477162185,0.0,0.0,0.0,25.268156870678666,10.118126859033554,0.0,0.0,0.0,0.0,0.0,0.0,80.39,10.118126859033554,8.417796984328938,0.0,12.297610012659364,0.0,0.0,0.0,0.0,0.0,0.0,10.286417350852549,27.32347222222222,0.0,0.0,0.0,4.775486111111111,-0.35416666666666674,0.0,0.0,-0.02893518518518512,-3.7991898148148144,1.0,7,3,4,0,0,0,0,0,0,3,2,5,2,0,0,0,0,-1.1670999999999996,25.47,0,0,0,0,0,0,0,0,0,0,0,0,0,0,0,0,0,1,0,0,0,0,0,0,0,0,0,0,0,0,0,0,0,0,0,0,0,0,0,0,0,0,0,0,0,0,0,0,0,0,0,0,0,0,0,0,0,0,0,0,0,0,0,0,0,0,0,0,0,0,0,0,0,0,0,0,0,0,0,0,0,0,0,0,0
Glycine,8.33,NCC(O)=O,9.243055555555555,9.243055555555555,0.2777777777777779,-0.9675925925925923,0.42117088793654706,7.4,75.067,70.027,75.0320284,30,0,0.31675597840558584,-0.4802971300243957,0.4802971300243957,0.31675597840558584,2.0,2.2,2.2,16.36605925452703,10.717499991234302,1.8050321424204216,-1.7261145401494373,1.43390247565876,-2.1042293463557664,5.680936538605488,-0.13483919797703509,1.3787834934861756,2.847378923087672,42.91260938324327,4.284457050376173,2.639918936339994,2.639918936339994,2.270055610029662,1.1895326240390471,1.1895326240390471,0.5978626884552846,0.5978626884552846,0.17462042625086102,0.17462042625086102,0.0,0.0,-0.5700000000000001,9.65148445440323,4.43,1.7215451895043727,3.429999999999999,29.39983969147865,10.84019487200289,0.0,0.0,0.0,0.0,5.969305287951849,4.794537184071822,0.0,0.0,0.0,0.0,0.0,0.0,6.544756405912575,9.901064578912528,5.969305287951849,0.0,0.0,5.733667477162185,0.0,6.544756405912575,0.0,0.0,0.0,5.733667477162185,0.0,0.0,0.0,17.62058908870513,4.794537184071822,0.0,0.0,0.0,0.0,0.0,0.0,63.32,5.969305287951849,4.794537184071822,0.0,6.544756405912575,0.0,0.0,0.0,0.0,0.0,5.733667477162185,5.106527394840706,0.0,0.0,9.243055555555555,7.597222222222222,4.5717592592592595,-0.9675925925925923,0.0,0.0,-0.2777777777777779,0.0,0.5,5,3,3,0,0,0,0,0,0,2,2,3,1,0,0,0,0,-0.9702999999999999,16.6902,1,0,0,0,0,0,0,0,1,1,1,0,0,0,0,0,0,1,0,0,0,0,0,0,0,0,0,0,0,0,0,0,0,0,0,0,0,0,0,0,0,0,0,0,0,0,0,0,0,0,0,0,0,0,0,0,0,0,0,0,0,0,0,0,0,0,0,0,0,0,0,0,0,0,0,0,0,0,0,0,0,0,0,0,0
Inosine,6.19,OC[C@H]1O[C@H]([C@H](O)[C@@H]1O)n2cnc3c(O)ncnc23,9.918933767951625,9.918933767951625,0.1668872826908545,-1.229946145124717,0.49812677934883093,31.105263157894736,268.22900000000004,256.133,268.08076948400003,102,0,0.24243875925565755,-0.4916038490011165,0.4916038490011165,0.24243875925565755,1.2105263157894737,2.0,2.6842105263157894,16.562585831486317,10.128534350841894,2.4349056299460705,-2.1572239897592014,2.315004118411558,-2.3262607875887706,5.750441045443904,-0.05107006054713576,2.943194274176826,2.035435145869755,602.6175788415978,13.568549621822843,9.657165450787831,9.657165450787831,9.130228955335802,5.6213067942517565,5.6213067942517565,4.250185754453405,4.250185754453405,3.130765718670752,3.130765718670752,2.1356273693851806,2.1356273693851806,-1.81,35227.092267622436,12.23544093091737,4.3842388535215,1.7476128588760207,106.30050315842607,25.162972533162872,24.639219238009453,17.391779109118858,5.879988336435371,0.0,0.0,4.567099647791355,9.967957041894417,4.9839785209472085,0.0,0.0,0.0,0.0,12.934202039277459,25.162972533162872,11.16387793838399,0.0,19.51903521063298,0.0,24.539800333979777,6.606881964512918,12.654640149529083,0.0,5.879988336435371,0.0,0.0,5.879988336435371,0.0,64.86392591775362,4.736862953800049,0.0,6.22790117073487,12.654640149529083,0.0,11.16387793838399,0.0,133.75,31.146682298492692,15.319582184522117,0.0,17.04386627481936,0.0,6.3273200747645415,10.894419722555895,0.0,0.0,14.951935562841626,9.843390348640755,6.733674414210129,0.0,11.46515447845805,38.18546049592676,0.43294264928193593,-0.2819505595448051,0.0,-1.786859331695643,-0.4150888133030983,0.0,0.5,19,4,9,0,1,1,0,2,2,9,4,9,2,0,1,1,3,-1.8566000000000003,59.99720000000002,0,3,3,0,0,4,0,1,0,0,0,0,0,0,0,4,0,0,0,0,0,0,0,0,0,0,0,0,0,0,0,0,0,0,0,0,1,0,0,0,0,1,0,0,0,0,0,1,0,0,0,0,0,0,0,0,0,0,0,0,0,0,0,0,0,0,0,0,0,0,0,0,0,0,0,0,0,0,0,0,0,0,0,0,0
Uridine,4.72,OC[C@H]1O[C@H]([C@H](O)[C@@H]1O)N2C=CC(=O)NC2=O,11.446426209372639,11.446426209372639,0.47933476631393246,-1.3511555177626609,0.4435105912731592,32.88235294117647,244.203,232.10699999999997,244.069536104,94,0,0.33003538552295436,-0.39356685388776647,0.39356685388776647,0.33003538552295436,1.3529411764705883,2.0588235294117645,2.588235294117647,16.563026153695464,10.128430471070951,2.431138336936141,-2.159834954608938,2.2707533794359644,-2.3713176569234533,4.9235909884413624,-0.054988713595443384,2.5654067136030916,2.3515193982482367,508.6978096265309,12.576985790260121,8.684807649715726,8.684807649715726,8.040912557858759,4.982539692402366,4.982539692402366,3.746268118593141,3.746268118593141,2.642467170356039,2.642467170356039,1.7375215972884064,1.7375215972884064,-1.4799999999999998,7816.79425634862,11.98960467611348,4.414475063137193,2.025663273733915,94.71884067262158,20.056445138322168,18.31189916324491,6.22790117073487,0.0,5.559266895052007,5.689743398203474,14.345615352810384,4.794537184071822,0.0,0.0,0.0,0.0,12.263210640074686,6.606881964512918,20.056445138322168,0.0,0.0,9.551078168738563,0.0,24.539800333979777,6.606881964512918,33.10129530147381,0.0,0.0,11.24901029325548,0.0,0.0,0.0,49.7894414810185,4.736862953800049,0.0,6.22790117073487,21.852285008218328,0.0,0.0,0.0,124.77999999999997,42.39569259174817,19.802129157825053,0.0,0.0,0.0,16.83031028786604,0.0,0.0,4.9839785209472085,0.0,9.843390348640755,6.082136243386243,0.0,24.30908171138826,28.071695300033596,-1.328395192953724,0.0,1.0933862433862434,-3.5819028722600166,-0.47933476631393246,0.0,0.5555555555555556,17,4,8,0,1,1,0,1,1,7,4,8,2,0,1,1,2,-2.8519000000000005,54.33210000000002,0,3,3,0,0,2,1,0,0,0,0,0,0,0,0,1,1,0,0,0,0,1,0,0,0,0,0,0,0,0,0,0,0,0,0,0,0,0,0,0,0,1,0,0,0,0,0,0,0,0,0,0,0,0,0,0,0,0,0,0,0,0,0,0,0,0,0,0,0,0,0,0,0,0,0,0,0,0,0,0,0,0,0,0,0
Adenosine,4.77,Nc1ncnc2n(cnc12)[C@@H]3O[C@H](CO)[C@@H](O)[C@H]3O,9.950183767951625,9.950183767951625,0.21804944045519536,-1.1891298185941046,0.49051986767922323,31.105263157894736,267.245,254.14099999999996,267.096753896,102,0,0.16713850593534102,-0.39356685392664126,0.39356685392664126,0.16713850593534102,1.263157894736842,2.0526315789473686,2.736842105263158,16.56252661558741,10.128486981496456,2.4344840649940434,-2.1578641361958115,2.3102883813046198,-2.3263050571895567,5.8065968029737,-0.051066247439290315,2.943194274176826,2.035435145869755,602.6175788415977,13.568549621822843,9.787302124477499,9.787302124477499,9.1302289553358,5.6863751310965895,5.6863751310965895,4.311819367749402,4.311819367749402,3.1783830976497827,3.1783830976497827,2.1660908223461037,2.1660908223461037,-1.8100000000000005,35227.092267622436,12.235440930917367,4.384238853521498,1.7476128588760191,106.84616010324278,25.790112615484354,30.155919955625706,17.692941169337626,0.0,0.0,0.0,4.567099647791355,14.951935562841626,0.0,0.0,0.0,0.0,0.0,12.934202039277459,20.056445138322168,16.981740716219015,0.0,19.51903521063298,0.0,24.539800333979777,12.340549441675103,12.654640149529083,0.0,0.0,5.733667477162185,5.817862777835028,0.0,0.0,59.75739852291291,4.736862953800049,0.0,6.22790117073487,12.654640149529083,0.0,11.16387793838399,0.0,139.54000000000002,31.146682298492692,10.213054789681411,0.0,5.817862777835028,11.16387793838399,0.0,17.22173979732044,0.0,0.0,14.951935562841626,15.57705782580294,6.854490740740741,0.0,11.892376700680273,28.737643350550098,6.444158005794912,0.21804944045519536,0.0,-1.4229874496094745,-0.3903974552784075,0.0,0.5,19,5,9,0,1,1,0,2,2,9,4,9,2,0,1,1,3,-1.9799999999999998,62.74480000000002,0,3,3,1,0,4,0,0,0,0,0,0,0,0,0,4,0,1,0,0,0,0,0,0,0,0,0,0,0,1,0,0,0,0,0,0,1,0,0,0,0,1,0,0,0,0,0,1,0,0,0,0,0,0,0,0,0,0,0,0,0,0,0,0,0,0,0,0,0,0,0,0,0,0,0,0,0,0,0,0,0,0,0,0,0
Uracil,2.4,O=C1NC=CC(=O)N1,10.214722222222221,10.214722222222221,0.380787037037037,-0.47453703703703654,0.4546939811074878,9.0,112.088,108.05599999999998,112.027277368,42,0,0.3251675603228361,-0.3141180372098682,0.3251675603228361,0.3141180372098682,1.375,2.125,2.5,16.155191296790317,10.67278752947376,1.774197391073147,-1.7505865775499838,1.5072998831831197,-2.187944043281707,4.7703577714455,1.0362499820844084,1.6423714487439025,3.5021170388304435,246.36195376207496,5.983127663125442,3.9711971193069777,3.9711971193069777,3.787693700234704,2.0689318929868223,2.0689318929868223,1.2960458159738018,1.2960458159738018,0.6858665867562286,0.6858665867562286,0.38268846609611146,0.38268846609611146,-1.32,64.0524865010122,4.829700598802395,1.6512034657775698,0.8412053770519652,44.193743281477516,4.9839785209472085,0.0,0.0,0.0,5.559266895052007,5.689743398203474,9.77851570501903,4.794537184071822,0.0,0.0,0.0,0.0,12.263210640074686,0.0,0.0,0.0,0.0,9.967957041894417,0.0,0.0,0.0,33.10129530147381,0.0,0.0,11.24901029325548,0.0,0.0,0.0,9.967957041894417,0.0,0.0,0.0,21.852285008218328,0.0,0.0,0.0,65.72,5.689743398203474,9.589074368143644,0.0,5.559266895052007,0.0,0.0,12.263210640074686,0.0,4.9839785209472085,4.9839785209472085,0.0,0.0,0.0,24.65833333333333,0.0,-0.8553240740740735,0.0,1.2374999999999998,1.292824074074074,0.0,0.0,0.0,8,2,4,0,0,0,0,1,1,2,2,4,0,0,0,0,1,-0.9368000000000001,27.6834,0,0,0,0,0,2,2,0,0,0,0,0,0,0,0,0,2,0,0,0,0,2,0,0,0,0,0,0,0,0,0,0,0,0,0,0,0,0,0,0,0,0,0,0,0,0,0,0,0,0,0,0,0,0,0,0,0,0,0,0,0,0,0,0,0,0,0,0,0,0,0,0,0,0,0,0,0,0,0,0,0,0,0,0,0
Creatine,8.15,CN(CC(O)=O)C(N)=N,9.920277777777777,9.920277777777777,0.22685185185185208,-0.9928703703703701,0.32736274622427813,8.555555555555555,131.135,122.06299999999999,131.069476528,52,0,0.3226929248940004,-0.4799250432632231,0.4799250432632231,0.3226929248940004,1.8888888888888888,2.3333333333333335,2.4444444444444446,16.36681702730813,10.574785427735115,2.0255839036413765,-2.115774868264124,1.7633073138935795,-2.360950989067724,5.7946961181385195,-0.13668903243523706,1.634374150092862,3.632432151939845,133.77443751081734,7.439157588755425,5.087132531839952,5.087132531839952,4.0365812602091875,2.307007627436772,2.307007627436772,1.6350412840529847,1.6350412840529847,0.7836781032383806,0.7836781032383806,0.2880626180440361,0.2880626180440361,-1.26,60.47184355343589,7.739999999999999,2.9071056558917943,3.33347181008902,52.574908589740026,15.740104602853368,6.544756405912575,5.959554568743835,0.0,0.0,5.969305287951849,10.203820789863343,0.0,0.0,0.0,0.0,0.0,7.04767198267719,0.0,9.901064578912528,11.928859856695684,5.409283605791522,4.899909730850478,5.733667477162185,0.0,13.592428388589765,0.0,0.0,0.0,5.733667477162185,0.0,0.0,0.0,35.52772537097663,4.794537184071822,5.409283605791522,0.0,0.0,0.0,0.0,0.0,90.41,5.969305287951849,4.794537184071822,0.0,12.50431097465641,0.0,4.899909730850478,7.04767198267719,0.0,0.0,0.0,16.249478477794412,0.0,0.0,11.047592592592592,14.872916666666667,4.930138888888889,-1.2313888888888884,0.0,0.0,-0.22685185185185208,1.440925925925926,0.5,9,4,5,0,0,0,0,0,0,2,3,5,2,0,0,0,0,-1.1037299999999988,32.179899999999996,1,0,0,0,0,0,0,0,1,1,1,0,0,0,0,1,1,1,0,1,0,0,0,0,0,0,0,0,0,0,0,0,0,0,0,0,0,0,0,0,0,0,0,1,0,0,0,0,0,0,0,0,0,0,0,0,0,0,0,0,0,0,0,0,0,0,0,0,0,0,0,0,0,0,0,0,0,0,0,0,0,0,0,0,0
